numer log,nr.czastki,X,Y,nr.czastki,X,Y,nr.czastki,X,Y,nr.czastki,X,Y,nr.czastki,X,Y,nr.czastki,X,Y,nr.czastki,X,Y,nr.czastki,X,Y,nr.czastki,X,Y,nr.czastki,X,Y,nr.czastki,X,Y,nr.czastki,X,Y,nr.czastki,X,Y,nr.czastki,X,Y,nr.czastki,X,Y,nr.czastki,X,Y,nr.czastki,X,Y,nr.czastki,X,Y,nr.czastki,X,Y,nr.czastki,X,Y,nr.czastki,X,Y,nr.czastki,X,Y,nr.czastki,X,Y,nr.czastki,X,Y,nr.czastki,X,Y,nr.czastki,X,Y,nr.czastki,X,Y,nr.czastki,X,Y,nr.czastki,X,Y,nr.czastki,X,Y,nr.czastki,X,Y,nr.czastki,X,Y,nr.czastki,X,Y,nr.czastki,X,Y,nr.czastki,X,Y,nr.czastki,X,Y,nr.czastki,X,Y,nr.czastki,X,Y,nr.czastki,X,Y,nr.czastki,X,Y,nr.czastki,X,Y,nr.czastki,X,Y,nr.czastki,X,Y,nr.czastki,X,Y,nr.czastki,X,Y,nr.czastki,X,Y,nr.czastki,X,Y,nr.czastki,X,Y,nr.czastki,X,Y,nr.czastki,X,Y,nr.czastki,X,Y,nr.czastki,X,Y,nr.czastki,X,Y,nr.czastki,X,Y,nr.czastki,X,Y,nr.czastki,X,Y,nr.czastki,X,Y,nr.czastki,X,Y,nr.czastki,X,Y,nr.czastki,X,Y,nr.czastki,X,Y,nr.czastki,X,Y,nr.czastki,X,Y,nr.czastki,X,Y,nr.czastki,X,Y,nr.czastki,X,Y,nr.czastki,X,Y,nr.czastki,X,Y,nr.czastki,X,Y,nr.czastki,X,Y,nr.czastki,X,Y,nr.czastki,X,Y,nr.czastki,X,Y,nr.czastki,X,Y,nr.czastki,X,Y,nr.czastki,X,Y,nr.czastki,X,Y,nr.czastki,X,Y,nr.czastki,X,Y,nr.czastki,X,Y,nr.czastki,X,Y,nr.czastki,X,Y,nr.czastki,X,Y,nr.czastki,X,Y,nr.czastki,X,Y,nr.czastki,X,Y,nr.czastki,X,Y,nr.czastki,X,Y,nr.czastki,X,Y,nr.czastki,X,Y,nr.czastki,X,Y,nr.czastki,X,Y,nr.czastki,X,Y,nr.czastki,X,Y,nr.czastki,X,Y,nr.czastki,X,Y,nr.czastki,X,Y,nr.czastki,X,Y,nr.czastki,X,Y,nr.czastki,X,Y,nr.czastki,X,Y,nr.czastki,X,Y,nr.czastki,X,Y,nr.czastki,X,Y,nr.czastki,X,Y,nr.czastki,X,Y,nr.czastki,X,Y,nr.czastki,X,Y,nr.czastki,X,Y,nr.czastki,X,Y,nr.czastki,X,Y,nr.czastki,X,Y,nr.czastki,X,Y,nr.czastki,X,Y,nr.czastki,X,Y,nr.czastki,X,Y,nr.czastki,X,Y,nr.czastki,X,Y,nr.czastki,X,Y,nr.czastki,X,Y,nr.czastki,X,Y,nr.czastki,X,Y,nr.czastki,X,Y,nr.czastki,X,Y,nr.czastki,X,Y,nr.czastki,X,Y,nr.czastki,X,Y,nr.czastki,X,Y,nr.czastki,X,Y,nr.czastki,X,Y,nr.czastki,X,Y,nr.czastki,X,Y,nr.czastki,X,Y,nr.czastki,X,Y,nr.czastki,X,Y,nr.czastki,X,Y,nr.czastki,X,Y,nr.czastki,X,Y,nr.czastki,X,Y,nr.czastki,X,Y,nr.czastki,X,Y,nr.czastki,X,Y,nr.czastki,X,Y,nr.czastki,X,Y,nr.czastki,X,Y,nr.czastki,X,Y,nr.czastki,X,Y,nr.czastki,X,Y,nr.czastki,X,Y,nr.czastki,X,Y,
0,0,52.000000,16.000000,1,75.000000,29.000000,2,34.000000,49.000000,3,89.000000,36.000000,4,72.000000,12.000000,5,11.000000,10.000000,6,11.000000,88.000000,7,9.000000,62.000000,8,91.000000,80.000000,9,18.000000,26.000000,10,66.000000,63.000000,11,48.000000,96.000000,12,57.000000,84.000000,13,19.000000,2.000000,14,45.000000,17.000000,15,28.000000,49.000000,16,85.000000,55.000000,17,78.000000,19.000000,18,5.000000,20.000000,19,55.000000,77.000000,20,32.000000,19.000000,21,39.000000,43.000000,22,59.000000,0.000000,23,58.000000,50.000000,24,81.000000,28.000000,25,76.000000,47.000000,26,44.000000,25.000000,27,95.000000,1.000000,28,61.000000,66.000000,29,3.000000,7.000000,30,84.000000,83.000000,31,56.000000,69.000000,32,38.000000,87.000000,33,41.000000,95.000000,34,7.000000,48.000000,35,24.000000,91.000000,36,19.000000,64.000000,37,86.000000,78.000000,38,64.000000,44.000000,39,28.000000,97.000000,40,25.000000,57.000000,41,44.000000,69.000000,42,34.000000,40.000000,43,70.000000,95.000000,44,58.000000,25.000000,45,2.000000,94.000000,46,8.000000,11.000000,47,64.000000,98.000000,48,98.000000,57.000000,49,94.000000,5.000000,50,5.000000,70.000000,51,48.000000,25.000000,52,86.000000,34.000000,53,55.000000,51.000000,54,31.000000,84.000000,55,0.000000,56.000000,56,41.000000,45.000000,57,77.000000,75.000000,58,37.000000,99.000000,59,70.000000,95.000000,60,24.000000,25.000000,61,90.000000,84.000000,62,36.000000,6.000000,63,82.000000,86.000000,64,15.000000,28.000000,65,91.000000,72.000000,66,51.000000,91.000000,67,49.000000,37.000000,68,25.000000,5.000000,69,40.000000,56.000000,70,41.000000,41.000000,71,64.000000,82.000000,72,86.000000,93.000000,73,9.000000,75.000000,74,92.000000,31.000000,75,22.000000,16.000000,76,8.000000,64.000000,77,52.000000,96.000000,78,22.000000,87.000000,79,82.000000,37.000000,80,15.000000,25.000000,81,10.000000,18.000000,82,16.000000,59.000000,83,56.000000,94.000000,84,64.000000,96.000000,85,50.000000,5.000000,86,37.000000,67.000000,87,39.000000,75.000000,88,60.000000,0.000000,89,2.000000,53.000000,90,84.000000,25.000000,91,21.000000,92.000000,92,89.000000,74.000000,93,89.000000,12.000000,94,61.000000,71.000000,95,1.000000,28.000000,96,49.000000,63.000000,97,47.000000,65.000000,98,23.000000,3.000000,99,59.000000,39.000000,100,51.000000,62.000000,101,97.000000,89.000000,102,81.000000,88.000000,103,16.000000,93.000000,104,89.000000,19.000000,105,98.000000,25.000000,106,44.000000,20.000000,107,17.000000,85.000000,108,46.000000,58.000000,109,49.000000,7.000000,110,82.000000,3.000000,111,87.000000,31.000000,112,66.000000,86.000000,113,48.000000,89.000000,114,41.000000,60.000000,115,81.000000,93.000000,116,74.000000,78.000000,117,34.000000,55.000000,118,18.000000,50.000000,119,48.000000,59.000000,120,69.000000,99.000000,121,84.000000,65.000000,122,19.000000,54.000000,123,3.000000,17.000000,124,12.000000,4.000000,125,76.000000,94.000000,126,7.000000,63.000000,127,25.000000,74.000000,128,50.000000,26.000000,129,15.000000,91.000000,130,86.000000,96.000000,131,84.000000,60.000000,132,26.000000,70.000000,133,67.000000,97.000000,134,21.000000,67.000000,135,56.000000,42.000000,136,66.000000,41.000000,137,60.000000,37.000000,138,95.000000,15.000000,139,54.000000,59.000000,140,19.000000,30.000000,141,54.000000,27.000000,142,46.000000,31.000000,143,53.000000,96.000000,144,57.000000,68.000000,145,39.000000,95.000000,146,17.000000,76.000000,147,7.000000,95.000000,148,46.000000,26.000000,149,92.000000,19.000000,
1,0,49.744747,30.419464,1,62.208168,31.158916,2,46.112114,33.019611,3,48.666847,32.301407,4,59.686581,23.818266,5,38.585690,18.646868,6,22.001698,48.984680,7,36.644234,40.345913,8,53.518902,45.184914,9,39.944981,26.754045,10,57.670502,37.085449,11,47.552692,36.020012,12,46.175617,41.631187,13,42.374905,28.442387,14,45.950413,20.591854,15,47.839741,41.207840,16,43.685314,28.296896,17,54.077271,20.944565,18,44.275215,29.302702,19,48.390678,40.128616,20,34.634716,22.277426,21,42.460163,31.867111,22,50.773438,23.443768,23,52.278343,41.858707,24,40.444969,30.396805,25,56.004265,36.955414,26,45.150120,32.520859,27,58.735016,22.541016,28,49.669456,40.249966,29,11.948537,23.699987,30,66.876450,30.030050,31,47.124771,41.288288,32,43.189777,54.140724,33,45.370625,24.022991,34,31.953506,35.724377,35,40.260197,48.185837,36,35.605003,39.756031,37,43.399651,63.953133,38,43.937050,31.767956,39,44.958496,54.581108,40,28.905159,47.135498,41,46.072933,40.266151,42,36.621521,37.602512,43,55.814297,36.177174,44,51.195274,34.538773,45,11.743215,46.953747,46,36.279251,35.600029,47,55.863747,58.599236,48,49.878250,35.312149,49,67.715874,18.087250,50,33.160900,59.830345,51,48.171638,36.376362,52,53.545135,32.389442,53,49.459694,48.863308,54,41.199715,32.019573,55,50.028774,40.888771,56,42.852673,44.110264,57,46.923584,62.041382,58,43.892788,49.946796,59,46.844692,50.453079,60,41.339287,29.501560,61,46.017204,41.837585,62,43.877468,25.150932,63,56.306271,38.543465,64,31.094276,29.607437,65,54.893501,35.640186,66,49.151085,51.676762,67,48.203640,33.043060,68,45.553741,31.545422,69,46.066730,46.981167,70,47.681446,34.322086,71,60.913971,58.290600,72,49.484406,31.557327,73,44.137787,65.616096,74,63.974274,32.480331,75,42.380501,32.046516,76,30.677517,44.517815,77,48.638149,74.233376,78,38.364204,55.809582,79,54.866856,34.415005,80,52.743492,29.393354,81,43.529816,21.322910,82,49.329376,45.574989,83,52.262218,33.473148,84,56.039310,31.783272,85,47.962196,8.176544,86,39.406185,37.012577,87,46.460857,48.370209,88,51.538792,24.094246,89,39.008644,44.159901,90,66.106613,28.184828,91,29.856632,43.663658,92,65.722885,48.048599,93,58.696236,30.560432,94,53.339684,24.148178,95,45.376297,32.370789,96,48.107628,36.337357,97,47.103519,45.385330,98,46.312122,17.312666,99,47.366882,33.639980,100,48.068901,37.427132,101,48.301544,54.540619,102,58.089096,62.005611,103,22.521484,41.510864,104,51.462040,23.358097,105,64.686783,31.102856,106,46.920872,26.849003,107,38.329659,42.820419,108,47.866058,34.886612,109,47.934032,23.608356,110,56.829853,34.070526,111,47.504684,31.955889,112,55.499878,64.837585,113,48.000000,27.482527,114,44.155327,54.545624,115,61.825443,48.934422,116,62.549725,50.602081,117,41.416317,39.074039,118,26.908768,32.809719,119,48.000000,46.594334,120,56.078697,70.691978,121,59.670929,58.241791,122,26.544212,34.429401,123,48.208946,29.319084,124,43.717476,8.615815,125,61.861122,30.302710,126,15.849604,43.727242,127,32.363945,48.868561,128,48.824028,28.021410,129,26.480309,41.120594,130,54.964775,43.885082,131,51.055252,50.955482,132,39.458328,44.973919,133,45.235146,63.944820,134,41.371964,54.066673,135,47.872761,37.856190,136,52.443886,36.177334,137,46.692696,33.554188,138,57.697227,28.654324,139,49.512329,30.830612,140,35.067097,31.284237,141,48.095341,28.242172,142,47.413406,31.559362,143,48.256863,44.315887,144,51.789398,43.828354,145,45.551357,26.784842,146,38.019939,49.631859,147,28.789562,61.352772,148,47.402946,26.773737,149,63.460464,32.858662,
2,0,46.938858,35.415512,1,43.930031,31.561028,2,49.823639,28.903860,3,36.032795,31.371250,4,61.570961,25.043217,5,54.436951,35.081505,6,45.022568,30.381159,7,60.057770,27.305656,8,32.956612,28.282982,9,33.348476,32.653847,10,46.628838,31.242533,11,48.209301,21.031719,12,45.868992,32.515045,13,57.504414,43.711300,14,48.610607,26.454906,15,54.562199,32.305031,16,44.013229,28.385193,17,63.276482,25.451151,18,57.569160,34.779987,19,47.031563,28.533127,20,51.199982,32.058460,21,50.604008,29.775753,22,46.936993,35.585964,23,47.585865,33.140202,24,41.537903,31.624851,25,43.063675,27.159410,26,48.054916,34.775593,27,44.316902,32.659027,28,46.336727,25.412642,29,38.994705,35.410042,30,53.283054,38.747936,31,48.012829,32.461323,32,46.311401,42.840431,33,46.109921,42.858643,34,31.927444,36.020031,35,30.062807,87.739700,36,46.174980,28.461548,37,39.289043,39.733841,38,50.535385,33.714672,39,50.319370,23.586771,40,43.925388,29.456142,41,49.095772,30.915157,42,44.239140,31.216156,43,47.432682,14.345057,44,46.987259,33.370388,45,33.721939,22.101368,46,50.340561,32.853554,47,44.795002,24.571503,48,42.698807,28.974092,49,73.064407,25.966007,50,60.672016,30.956438,51,48.390442,33.644836,52,42.382011,31.327837,53,51.469765,36.974754,54,35.717781,52.825077,55,61.413063,32.157413,56,48.633793,32.714207,57,43.870945,38.130703,58,50.154091,58.252655,59,51.585770,46.748161,60,49.035984,33.629681,61,45.246216,32.066776,62,48.611637,34.624935,63,46.089306,15.051592,64,40.027561,30.170803,65,39.538891,20.824057,66,48.668228,33.460293,67,47.901962,31.671957,68,51.322353,38.581326,69,50.105129,37.926872,70,49.476959,30.864109,71,45.350864,39.184910,72,39.662464,25.379833,73,59.630501,43.982929,74,72.764923,32.093636,75,54.078232,35.964153,76,60.914787,24.045765,77,47.350651,43.014385,78,37.008709,46.842995,79,43.313011,31.760998,80,57.048805,29.775469,81,42.692657,23.310461,82,60.182526,31.986979,83,46.683193,26.735796,84,47.064117,18.117643,85,46.966213,34.907913,86,46.109207,21.150898,87,44.428452,48.944221,88,47.799587,35.956116,89,54.579025,35.416267,90,56.934631,29.759487,91,41.189167,57.773567,92,44.893349,25.693947,93,46.256580,36.522060,94,51.024048,34.866077,95,55.200226,32.160984,96,48.802094,27.535337,97,48.864403,32.864365,98,53.687057,17.687960,99,46.969383,31.508526,100,48.125072,28.796362,101,55.997040,42.117718,102,48.302120,34.323982,103,36.262566,23.905195,104,38.087097,31.455591,105,62.467396,32.560223,106,49.284245,34.150661,107,52.804127,24.041807,108,48.868435,27.930473,109,48.485142,40.222336,110,48.328949,38.110161,111,38.999882,31.714296,112,50.995918,42.144520,113,48.674343,24.098118,114,45.368645,45.667084,115,38.998932,16.988134,116,59.830219,43.385124,117,49.225384,30.190094,118,50.232117,31.369896,119,48.917934,45.682072,120,49.716942,44.902107,121,43.853214,24.922960,122,31.136683,26.528410,123,54.339520,35.555553,124,49.568413,20.198349,125,61.425686,38.847855,126,41.450455,28.837875,127,48.407204,22.805622,128,48.430309,30.688959,129,36.670834,27.911276,130,39.612980,25.416458,131,48.807816,39.433113,132,49.977852,23.444706,133,41.608299,12.474222,134,54.457211,25.799931,135,46.417515,33.791473,136,47.412083,30.242426,137,48.696552,33.297054,138,43.922230,34.027721,139,46.850719,27.780499,140,38.079098,31.700779,141,48.333820,30.449413,142,48.691364,31.611980,143,49.166271,35.256798,144,47.722725,30.094704,145,41.740494,73.737198,146,59.605453,32.189655,147,50.247658,38.377110,148,47.845936,29.930353,149,57.000782,29.848600,
3,0,49.211414,30.468418,1,49.390079,31.700266,2,48.808815,31.144068,3,51.101913,32.163162,4,48.653187,34.804924,5,55.609879,33.963337,6,52.267841,30.488018,7,51.010754,31.639105,8,36.291218,41.258354,9,32.128597,28.106949,10,48.024967,32.635185,11,48.429276,34.387997,12,47.703457,30.183523,13,50.013847,32.443642,14,49.492393,31.713831,15,50.720345,31.953096,16,51.096775,32.006142,17,51.787525,25.574394,18,48.121189,31.913157,19,47.816833,32.110035,20,52.351238,33.808704,21,50.672131,31.286009,22,48.456940,30.835667,23,46.840069,30.840324,24,51.409946,31.352650,25,49.021511,30.061171,26,48.748409,31.552258,27,44.283150,34.203587,28,49.004742,30.528570,29,50.400623,31.924746,30,49.321354,41.879066,31,49.223866,29.935453,32,44.316605,71.547409,33,47.919151,33.825397,34,45.218449,35.439663,35,27.996136,73.507668,36,49.460682,27.819035,37,49.543327,32.407242,38,51.846321,32.342705,39,48.406403,32.439476,40,48.714138,28.192734,41,49.498493,29.420048,42,48.334568,29.756975,43,51.813622,37.245609,44,49.164322,31.617428,45,49.688530,25.340139,46,53.626987,31.424942,47,48.479744,32.843864,48,52.436882,34.517952,49,54.342384,27.616430,50,56.571934,31.679552,51,48.831615,30.466932,52,48.630699,31.604002,53,49.277710,29.239775,54,40.610798,55.523178,55,48.273529,36.876068,56,50.162884,30.821768,57,50.717072,26.593523,58,49.566742,40.101242,59,54.267052,33.479248,60,49.676579,32.217480,61,51.159344,33.066124,62,49.480747,33.987331,63,53.807121,31.790928,64,46.582031,31.092564,65,51.223221,40.936718,66,48.492519,29.164139,67,48.549633,32.604778,68,47.317413,28.801050,69,49.959427,30.196163,70,48.065037,31.540390,71,41.240894,27.471037,72,51.207268,35.662716,73,51.647472,39.340786,74,58.521622,31.701094,75,51.510487,33.010765,76,49.134796,27.825691,77,48.880398,38.101570,78,30.606844,43.567703,79,48.701553,31.797115,80,45.057636,31.757303,81,31.400681,23.922514,82,56.827530,34.043228,83,47.938168,36.271332,84,50.913727,31.322750,85,48.690071,38.332806,86,49.236233,30.242144,87,44.195595,34.243084,88,48.978626,32.052761,89,54.958858,29.909588,90,51.006565,29.208981,91,50.482872,59.058441,92,50.263268,29.903549,93,47.551746,32.764679,94,50.098965,38.094326,95,47.194767,31.294872,96,48.544521,30.514370,97,48.872253,29.612730,98,44.739830,15.210934,99,48.696472,31.835453,100,48.476406,31.633862,101,52.694466,31.878733,102,47.305801,27.388813,103,39.714390,38.031891,104,46.048401,33.319534,105,56.066849,30.483437,106,49.387718,34.927181,107,46.784462,28.181490,108,47.930588,33.712078,109,48.604717,30.747833,110,46.433006,33.621162,111,53.117531,31.453251,112,48.876888,28.366787,113,48.497787,34.936672,114,44.715878,46.441055,115,44.882065,27.758183,116,55.390602,37.361874,117,51.677303,29.146549,118,55.856007,31.625748,119,48.600201,54.908504,120,53.424026,47.164047,121,42.494900,26.592648,122,36.602043,34.225143,123,48.914379,31.405874,124,48.270855,31.535084,125,63.089882,43.807503,126,51.848824,27.315784,127,48.642475,23.728035,128,48.587540,32.162643,129,47.706573,34.323162,130,48.831371,27.880798,131,49.216434,30.697115,132,49.092106,29.881443,133,46.026707,32.907623,134,50.708214,34.008488,135,49.074966,31.169369,136,47.518097,31.234228,137,50.805107,32.695740,138,48.387905,31.769573,139,48.987755,34.371170,140,36.392281,30.900524,141,49.478504,31.986374,142,48.925819,31.657927,143,49.526340,39.185650,144,48.065079,32.753006,145,42.787086,63.763454,146,52.534214,34.476360,147,55.154270,30.171106,148,48.774166,31.489607,149,46.500202,29.146368,
4,0,48.656151,30.789469,1,50.157303,31.479271,2,48.106579,32.543663,3,52.734421,32.221054,4,46.255405,33.085011,5,49.838673,31.759182,6,45.870987,33.918789,7,46.857567,32.786049,8,54.398941,40.758324,9,38.581100,30.441769,10,50.650600,32.660412,11,48.761120,36.448193,12,49.682682,31.093697,13,47.933304,27.581087,14,48.950836,33.131565,15,48.383312,31.337938,16,50.600300,32.358536,17,46.343334,31.251898,18,47.424908,30.351343,19,48.855812,33.221458,20,49.519054,31.730677,21,47.680939,32.668423,22,48.860291,29.919245,23,48.984455,32.650753,24,48.792454,31.626371,25,51.283806,32.998703,26,48.249615,31.373348,27,48.298233,31.707088,28,49.234386,33.120304,29,49.999947,30.841869,30,51.909286,30.047764,31,48.876980,32.508141,32,44.548309,58.152317,33,48.037716,28.669224,34,52.483738,33.040901,35,45.685436,47.908455,36,48.164146,31.966196,37,50.315655,29.394596,38,46.886211,31.660870,39,47.990063,34.749977,40,48.383224,31.924620,41,48.935402,32.298309,42,48.027725,30.570147,43,50.725704,38.680607,44,48.833622,31.982130,45,48.102276,31.564610,46,47.602448,31.944553,47,49.771736,35.381481,48,53.722649,33.403599,49,40.419090,28.502071,50,50.089375,34.507374,51,48.939880,32.988720,52,50.746040,31.390507,53,48.766190,31.252115,54,41.861732,51.731472,55,45.335194,32.431026,56,48.436756,32.507889,57,48.342247,31.360939,58,48.008797,27.526962,59,49.023563,28.856955,60,48.628048,31.572586,61,49.286602,31.623932,62,49.134422,32.032181,63,50.562931,36.100384,64,50.396244,32.465576,65,56.074131,34.702129,66,48.558548,32.888096,67,48.535473,32.507145,68,48.131256,30.332441,69,49.182693,31.403521,70,48.481590,32.300133,71,47.188503,28.306393,72,56.618137,32.888817,73,46.355141,29.386101,74,43.465191,31.891710,75,48.287457,30.921957,76,46.815460,32.809650,77,49.128315,31.708029,78,30.887815,54.474262,79,51.313389,31.465481,80,47.728226,31.614693,81,32.612774,29.478365,82,47.505123,33.747692,83,48.631916,32.765934,84,49.560867,35.116524,85,49.261993,30.880501,86,49.129322,34.964363,87,46.955624,28.637375,88,49.522282,30.998547,89,47.982964,31.019556,90,47.376007,30.469049,91,50.964180,21.961636,92,50.810959,34.029831,93,50.732948,32.242367,94,48.631481,30.649052,95,49.700771,31.342121,96,48.528580,33.083805,97,48.490189,32.756638,98,37.769871,21.130726,99,49.171421,31.240276,100,48.637806,32.296284,101,45.533714,29.681173,102,49.281250,34.340351,103,40.316948,38.811043,104,51.147999,32.450191,105,46.253502,30.027161,106,48.693855,31.887506,107,45.164536,31.216640,108,48.222431,33.766083,109,48.630684,33.012974,110,47.385029,30.651756,111,50.930984,31.673300,112,49.324860,32.259258,113,48.215549,34.837700,114,47.623844,35.054176,115,47.878632,32.376469,116,47.408138,28.899027,117,48.361183,32.585602,118,44.326759,31.713869,119,48.634949,33.999371,120,52.645992,53.104553,121,46.446743,34.535637,122,35.828342,34.078213,123,49.090584,32.173378,124,48.145786,34.589848,125,47.803608,36.689110,126,49.904808,28.923161,127,47.668488,32.444481,128,48.783886,32.100128,129,52.123695,33.127502,130,50.628742,30.476728,131,48.986092,33.061001,132,47.681286,33.808891,133,48.391926,38.470512,134,47.972137,33.920486,135,48.695312,31.379208,136,49.903515,32.805393,137,49.163776,31.959789,138,50.887329,31.594505,139,48.803593,32.238403,140,41.166161,31.102306,141,48.918030,32.210762,142,48.848080,31.545448,143,48.877392,32.274025,144,48.777664,34.755917,145,44.073689,50.566414,146,46.306198,34.159912,147,47.015659,31.936600,148,48.473259,31.806629,149,49.753380,29.346714,
5,0,47.923477,32.211811,1,49.045475,31.376818,2,48.451118,32.406464,3,46.085556,31.954287,4,48.869453,32.237152,5,46.899090,31.290361,6,48.478619,32.306602,7,47.561722,31.922956,8,54.451607,33.310818,9,32.604065,29.010168,10,48.924408,31.834114,11,48.683563,32.696095,12,49.138725,32.030838,13,50.188065,33.453850,14,48.779392,31.500299,15,49.646324,31.610170,16,49.146431,31.772787,17,45.643787,32.584621,18,49.791912,31.761496,19,49.120941,32.401184,20,48.543129,31.932486,21,48.294846,31.839579,22,48.526440,32.491364,23,48.770229,32.118843,24,46.755154,31.391708,25,49.119694,31.817369,26,48.187321,32.344017,27,49.831974,31.032169,28,48.940613,31.593039,29,47.885010,31.294380,30,48.707291,31.897890,31,48.477398,32.539513,32,41.625282,60.936813,33,47.945297,33.865715,34,50.132751,32.562649,35,31.514723,48.023701,36,48.436371,32.619343,37,49.088070,32.542702,38,49.107174,32.364094,39,48.814510,32.170425,40,48.733788,32.272652,41,48.247303,32.672737,42,48.860939,32.140347,43,48.956608,31.238380,44,48.738369,32.156429,45,48.310184,32.668510,46,47.134327,32.201424,47,47.843288,31.895535,48,48.746834,32.107510,49,47.550774,30.251568,50,47.059406,31.953011,51,48.461548,33.217068,52,49.662113,31.375484,53,49.593864,32.520988,54,37.980759,60.619541,55,49.941166,32.882736,56,48.437710,32.085629,57,47.574829,32.477692,58,48.027763,31.301456,59,48.377041,31.674471,60,48.919891,32.032814,61,48.546120,32.016323,62,48.873501,31.295757,63,47.113079,30.544870,64,49.047195,32.264328,65,54.042423,28.667032,66,48.919407,32.936375,67,48.335762,32.238132,68,49.121166,32.803856,69,49.152054,33.684124,70,48.644218,32.198540,71,49.789482,32.549480,72,45.207664,29.890167,73,49.139183,30.957037,74,49.043697,31.298283,75,48.571507,31.001678,76,47.551449,32.643822,77,48.981258,29.808821,78,45.116848,47.963436,79,48.305145,31.434372,80,51.268341,31.585527,81,50.722088,31.722534,82,49.220284,33.102215,83,48.641216,30.898203,84,48.995243,31.663500,85,49.180614,29.533749,86,48.941093,30.991215,87,48.763924,31.451141,88,48.913380,32.423275,89,47.295547,31.670315,90,46.916901,31.191435,91,50.211514,30.482611,92,48.519585,32.124264,93,48.955639,31.642355,94,48.621559,30.405416,95,49.693024,31.450981,96,48.680153,32.723377,97,48.383957,32.037506,98,45.003174,31.692459,99,49.086746,31.157724,100,48.442524,31.935137,101,50.642586,32.025837,102,49.206299,34.893707,103,39.748974,33.121235,104,49.093510,31.763645,105,46.045055,31.418131,106,49.020302,31.770710,107,49.991192,30.747576,108,48.731976,31.503902,109,48.601368,33.269718,110,49.052132,30.293684,111,47.790909,31.381153,112,48.987686,33.929764,113,48.358749,30.709297,114,49.244747,28.380669,115,48.978802,32.516487,116,47.526333,32.249855,117,48.434227,32.186275,118,49.321129,31.584173,119,48.825840,25.987953,120,53.455978,50.667908,121,51.432674,35.050522,122,41.714832,31.160728,123,49.430317,32.268883,124,48.737389,32.771858,125,45.697021,28.223396,126,48.108654,32.288960,127,47.973167,33.034321,128,48.316067,31.913258,129,49.938248,31.602810,130,50.150753,31.861740,131,48.912922,33.508034,132,48.663734,31.758959,133,48.925457,34.681290,134,49.441250,31.577888,135,47.873291,32.306026,136,49.445286,32.167473,137,48.821281,31.902435,138,47.741085,32.293304,139,48.282291,31.824883,140,40.471577,31.297407,141,48.878941,32.057835,142,48.332878,31.482763,143,48.976494,32.572834,144,49.136372,31.531433,145,45.813126,67.967896,146,48.506664,31.829454,147,48.920166,32.153069,148,48.552235,31.325087,149,49.761612,29.983498,
6,0,48.717842,32.181313,1,48.717602,31.256859,2,48.632156,31.693558,3,46.941730,31.925459,4,49.349243,31.875053,5,49.950428,31.522854,6,48.984070,31.632298,7,49.287746,31.882782,8,47.387913,31.508869,9,35.309834,29.659185,10,48.733433,31.787455,11,48.307014,31.123659,12,48.627983,32.186176,13,49.586777,32.813423,14,49.023903,32.010418,15,48.990292,31.485937,16,49.511421,32.010235,17,48.434605,32.058346,18,49.345940,32.184540,19,49.023823,31.726845,20,49.009380,32.238056,21,48.469570,31.739761,22,48.240166,32.468395,23,48.625309,31.599394,24,49.355736,31.625982,25,49.356960,31.588110,26,48.344212,31.951496,27,49.077835,31.547089,28,48.967911,31.747555,29,50.153706,31.748827,30,48.023472,31.571651,31,48.570683,31.949099,32,40.092495,56.185925,33,47.441620,33.489174,34,48.648159,33.259789,35,22.529560,60.262794,36,48.706741,31.915972,37,48.697865,32.647076,38,49.598217,32.343845,39,48.539516,32.399956,40,48.586464,31.929802,41,48.675774,31.846317,42,48.470917,32.158657,43,48.610825,32.112411,44,48.445343,31.920416,45,48.596191,31.747385,46,50.525906,31.889000,47,48.129826,31.884996,48,48.538696,32.327965,49,51.367580,32.066315,50,50.242714,32.733631,51,48.323490,32.079395,52,48.474159,31.620039,53,49.033440,32.150616,54,44.633476,57.123573,55,48.975140,31.577923,56,48.506134,31.834616,57,48.286465,31.572762,58,48.268044,33.048958,59,48.296570,32.017311,60,49.121132,32.105282,61,49.101646,32.209007,62,49.025951,32.154358,63,48.336926,31.730434,64,48.897282,31.810474,65,52.050705,32.641418,66,48.686340,32.047932,67,48.346516,32.606819,68,49.002796,31.823082,69,48.917770,33.108738,70,48.612007,31.911201,71,48.811733,32.419685,72,46.492672,31.176012,73,50.182468,33.618317,74,51.355606,31.535547,75,49.229847,31.661459,76,48.911991,31.525602,77,48.976818,31.836916,78,33.830971,48.947788,79,48.762699,31.584305,80,49.010910,31.476177,81,53.230629,32.175980,82,49.345726,31.941528,83,48.541615,32.483273,84,48.896355,31.936123,85,48.957840,33.655163,86,48.984818,31.614090,87,48.826744,31.783119,88,48.896748,31.905413,89,48.068432,31.429935,90,48.257545,30.950417,91,48.832329,35.644157,92,48.830589,31.275696,93,48.653038,31.731115,94,49.174839,33.155914,95,48.578026,31.749537,96,48.687107,32.181229,97,48.378872,31.668953,98,51.343357,33.937782,99,48.942596,31.541025,100,48.688305,31.885273,101,49.645630,32.159767,102,48.891087,33.050049,103,38.691528,37.442863,104,48.482445,32.715511,105,49.899837,30.999769,106,49.108723,32.962166,107,49.043179,30.600977,108,48.741688,32.682140,109,48.733269,31.742924,110,49.386276,31.091845,111,48.294716,31.193792,112,48.849434,31.611914,113,48.478691,31.918823,114,49.368610,31.595640,115,49.040054,31.794930,116,51.068974,33.937195,117,48.619907,31.775642,118,52.271145,31.313927,119,48.629654,35.541615,120,52.570774,31.347336,121,49.400417,32.105900,122,47.538200,30.692743,123,48.793995,31.739891,124,48.497612,31.405222,125,47.190800,33.841778,126,48.794121,32.211529,127,48.107029,31.622322,128,48.246044,32.003372,129,48.256283,31.138802,130,48.615730,31.730867,131,49.026653,32.827808,132,49.021915,31.075823,133,48.500965,30.882906,134,49.898453,33.436718,135,48.347202,32.165535,136,48.399879,31.747171,137,49.086899,32.031181,138,48.544453,32.163879,139,48.283215,32.215073,140,32.673992,30.655861,141,49.103405,31.953184,142,48.558174,31.371773,143,49.040672,32.596584,144,49.007507,32.435394,145,45.358952,57.734249,146,49.404381,31.124010,147,48.726208,32.030354,148,48.719227,31.176937,149,48.394894,30.700932,
7,0,48.708565,31.879084,1,49.086517,31.438658,2,48.674789,32.041927,3,49.310570,32.011917,4,48.121799,31.972095,5,48.991081,31.630241,6,48.527302,31.954481,7,49.024139,32.078728,8,48.594032,32.077988,9,33.630512,27.988756,10,49.231339,32.050320,11,48.674175,32.015820,12,48.999290,31.953106,13,48.720562,30.885839,14,49.027653,32.102196,15,48.843613,31.468197,16,48.980183,32.037437,17,49.523960,31.804939,18,48.741257,31.924063,19,48.979298,31.885204,20,49.139717,31.885107,21,48.591537,32.019402,22,48.728928,31.878519,23,48.309696,32.107590,24,49.331558,31.447428,25,49.747868,32.081451,26,48.784447,31.878527,27,48.834316,31.670856,28,49.019539,32.208752,29,48.675308,31.378002,30,48.603958,31.555521,31,48.584129,31.859898,32,47.828953,43.548763,33,48.019505,31.628328,34,49.471672,32.835724,35,37.289619,52.489815,36,48.920715,31.976881,37,49.143528,31.728569,38,48.699226,31.856438,39,48.831444,32.758236,40,48.254246,31.955933,41,48.828148,31.852215,42,48.308891,31.841974,43,48.456215,32.456169,44,48.311440,32.005096,45,48.948811,31.747358,46,49.591827,31.968752,47,48.730988,32.885082,48,49.321342,32.308079,49,49.233509,31.704538,50,49.894276,32.841030,51,48.537056,32.720669,52,49.122936,31.988201,53,48.874344,31.895899,54,44.330658,48.937485,55,48.766960,32.033337,56,48.711582,32.050358,57,48.722549,31.392408,58,48.723564,32.036541,59,48.783813,32.018597,60,48.986603,31.972967,61,48.998669,31.902853,62,49.031425,32.433380,63,48.716278,32.363503,64,49.097603,31.967539,65,49.077896,32.719650,66,48.652161,32.615795,67,48.905479,32.606697,68,48.920788,31.748154,69,49.011551,31.921019,70,48.556751,31.995306,71,48.504475,31.696123,72,50.530762,31.992983,73,48.501740,32.575172,74,48.672920,31.543949,75,49.205139,31.439283,76,48.548828,31.443033,77,48.905144,32.403076,78,27.452337,55.150379,79,49.266087,31.464668,80,48.602505,31.627634,81,48.374989,31.432600,82,48.778522,31.630714,83,48.566372,31.897882,84,49.046921,33.352562,85,48.931339,34.038849,86,49.021572,32.388462,87,48.291744,31.533279,88,49.056740,31.769966,89,48.625690,31.684690,90,48.970757,30.994051,91,48.530861,34.529137,92,49.244335,32.430737,93,50.233772,31.985956,94,49.137337,33.813965,95,48.777016,31.866247,96,48.825649,32.610512,97,48.802063,32.228836,98,49.125443,32.488819,99,48.997627,31.560797,100,48.826328,32.024811,101,47.971012,31.876221,102,48.969780,32.615967,103,30.874359,41.629726,104,49.072952,32.895161,105,49.729465,30.810652,106,48.958000,32.122066,107,48.585621,30.663822,108,48.780170,32.629456,109,48.664848,32.074669,110,48.786133,31.929264,111,49.538445,31.504168,112,49.039032,31.494953,113,48.703125,32.244370,114,48.926163,33.113277,115,48.991150,31.835369,116,48.294712,31.404646,117,48.684315,32.106518,118,47.990566,31.579391,119,48.477310,32.625504,120,48.529282,26.655376,121,48.454937,31.198277,122,50.247856,31.273670,123,49.019470,32.061813,124,48.253666,32.145950,125,49.216492,32.876106,126,48.474873,31.794331,127,48.902363,31.114700,128,48.311378,32.017929,129,49.110821,31.679056,130,48.871395,31.527035,131,49.015499,31.667957,132,48.655178,32.355949,133,48.093506,31.681389,134,48.620220,33.121361,135,48.589973,31.834702,136,49.001156,32.072739,137,49.072754,32.013954,138,48.746395,31.943516,139,48.622002,32.449001,140,28.245678,31.754656,141,48.971611,32.012863,142,48.882053,31.414619,143,48.982723,31.820286,144,48.957836,32.249985,145,46.273720,55.146217,146,49.089821,31.277258,147,48.616737,31.976198,148,48.522861,31.780672,149,48.072819,32.303726,
8,0,48.160225,31.964588,1,49.084122,31.716869,2,48.424431,32.069321,3,49.542290,32.031307,4,48.631153,32.034409,5,48.644970,31.590899,6,48.821045,32.091679,7,48.919693,32.006779,8,50.157860,32.236866,9,31.023745,27.293779,10,48.972176,32.048439,11,48.726204,32.316929,12,49.096531,31.952826,13,49.057240,31.853487,14,48.969227,31.883741,15,49.031624,31.316980,16,48.859272,31.983191,17,48.518917,32.055523,18,48.979008,32.000843,19,49.001461,32.066940,20,48.992561,31.897352,21,48.588718,32.071293,22,48.435135,31.804415,23,48.658360,32.045540,24,48.867802,31.521233,25,49.050571,32.126785,26,48.647495,32.041409,27,49.027531,31.130480,28,49.002808,31.989136,29,48.647709,31.312359,30,48.370785,31.714912,31,48.593155,32.083347,32,43.166424,69.533890,33,48.903576,31.489691,34,49.001770,31.737919,35,31.735821,72.625046,36,48.404472,32.048786,37,49.051857,31.825726,38,48.840504,31.906643,39,48.710957,31.974136,40,48.473488,32.000923,41,48.778736,32.074360,42,48.602604,32.035126,43,48.876595,31.594608,44,48.597103,32.032619,45,48.521004,32.127148,46,48.936596,32.065472,47,48.834602,32.445103,48,48.903698,31.852968,49,48.420464,31.616091,50,48.652172,31.510584,51,48.535027,32.166500,52,49.105145,31.428621,53,49.026947,32.011265,54,40.630890,54.219593,55,49.218151,32.163326,56,48.208649,32.041946,57,48.538040,31.382698,58,48.347260,32.022644,59,48.324051,31.991575,60,48.963123,31.976305,61,48.962986,31.970482,62,48.990368,31.803930,63,48.644844,31.816065,64,48.971931,32.050999,65,48.207485,31.700029,66,48.579720,32.434883,67,48.864677,32.393299,68,49.015244,32.027699,69,49.034252,32.233608,70,48.359119,32.021332,71,49.028610,32.017570,72,49.321953,31.833773,73,48.665974,31.872065,74,48.670883,31.731138,75,48.907845,31.857220,76,48.491188,31.503361,77,48.364281,32.007523,78,41.282745,58.433361,79,49.007286,31.869228,80,49.099113,31.407228,81,47.643593,31.365835,82,48.924381,32.186413,83,48.351688,31.911413,84,49.046291,32.562939,85,49.004906,32.271252,86,49.001614,31.855268,87,48.272354,31.443541,88,48.981125,32.036026,89,48.612724,31.777592,90,48.260101,31.312893,91,49.109501,31.333433,92,48.780704,32.538704,93,49.382301,32.041977,94,48.925556,32.230015,95,49.130386,31.202587,96,48.625416,32.248745,97,48.259026,32.029194,98,48.209053,31.566366,99,49.019539,31.455750,100,48.672592,32.026844,101,48.723080,31.907425,102,49.028374,32.946590,103,41.076820,34.483410,104,49.040768,31.891075,105,48.522701,30.915123,106,48.980854,31.635895,107,49.030907,31.565460,108,48.146011,32.115685,109,48.115791,32.587509,110,48.565205,32.040321,111,49.002335,31.139004,112,49.019867,32.280388,113,48.604332,31.853601,114,48.987331,32.359589,115,48.983978,32.108814,116,48.624722,31.656113,117,48.776371,32.039955,118,47.777683,31.858393,119,48.855118,31.895134,120,49.828842,34.419964,121,48.910511,31.532183,122,48.890125,31.952503,123,49.027222,32.065704,124,48.605656,32.285954,125,49.503319,31.130993,126,48.191696,32.061382,127,48.399319,31.794071,128,48.596104,31.991478,129,49.173210,31.545359,130,49.099110,31.501684,131,48.992794,31.980278,132,48.322052,32.006668,133,48.556137,32.528603,134,48.920780,32.546326,135,48.467987,31.986582,136,49.172215,32.050369,137,48.981529,31.986097,138,48.279140,31.991070,139,48.482834,32.562416,140,43.438061,31.308346,141,48.976376,32.012589,142,48.952450,31.310015,143,48.994373,31.829926,144,49.001225,31.814503,145,43.396385,56.480042,146,48.922951,31.765970,147,48.615051,32.009731,148,48.664955,31.696472,149,48.312920,32.179180,
9,0,48.495468,32.016544,1,48.970547,31.665510,2,48.710701,31.978645,3,48.940948,31.986460,4,48.475067,32.000637,5,49.040367,31.529135,6,48.391865,31.996246,7,49.021141,31.990484,8,49.162273,31.797682,9,36.659760,30.550821,10,48.915585,31.981913,11,48.416286,31.896645,12,48.969311,32.028770,13,49.080074,32.301666,14,49.007633,32.039402,15,49.032291,31.673504,16,49.032120,31.992401,17,48.192162,32.001987,18,49.058971,32.017448,19,49.015026,32.016380,20,48.976986,32.022041,21,48.460712,31.979231,22,48.488163,32.071461,23,48.684376,31.947035,24,48.901627,31.252274,25,48.909420,31.908421,26,48.475979,32.015030,27,49.049274,31.506863,28,48.995522,31.951750,29,49.019539,31.611618,30,48.557167,31.566280,31,48.325760,32.031677,32,44.861546,80.825180,33,48.546638,31.661804,34,48.914040,31.764172,35,41.248135,58.049690,36,48.564667,31.985868,37,48.928867,32.053852,38,49.118053,32.057362,39,48.507935,31.844547,40,48.755424,32.010342,41,48.573635,32.069122,42,48.889252,32.030689,43,48.448360,31.973743,44,48.583218,31.998596,45,48.684879,32.078175,46,48.788124,31.999905,47,48.299351,32.215034,48,48.927029,31.971832,49,49.292782,31.369509,50,48.771130,32.101578,51,48.426811,32.292484,52,48.897732,31.511427,53,49.017937,32.032879,54,44.505764,76.711258,55,48.996117,31.898947,56,48.419315,31.987408,57,48.282635,31.602018,58,48.201359,32.768471,59,48.600769,31.995846,60,49.022381,32.014496,61,48.999573,32.023846,62,48.991318,31.899340,63,48.168835,31.864452,64,49.001766,31.991108,65,48.763889,31.899651,66,48.640038,31.994476,67,48.462555,32.453934,68,49.014305,32.047256,69,48.981518,32.087452,70,48.459209,31.992575,71,49.140606,32.138714,72,48.513542,31.502886,73,49.215115,32.784241,74,49.193142,31.556847,75,48.905487,31.923773,76,48.610409,31.602104,77,48.465763,31.937302,78,41.596085,56.762630,79,48.964958,31.471392,80,49.052624,31.647970,81,49.698612,31.539816,82,49.034710,32.041222,83,48.219410,32.083622,84,48.973557,31.681601,85,49.010925,31.826624,86,48.994946,31.992235,87,48.433453,31.568308,88,48.987865,32.034653,89,48.306068,31.510153,90,48.314152,31.583069,91,49.151138,32.469116,92,48.970230,31.947723,93,48.707890,31.989769,94,48.996078,32.170097,95,48.988037,31.578861,96,48.481689,32.165001,97,48.169338,31.893278,98,49.190578,32.126289,99,48.999100,31.388468,100,48.091541,31.997120,101,49.564850,32.068924,102,49.010201,31.701614,103,47.501457,29.386362,104,48.917973,31.790903,105,48.625813,30.835888,106,49.008034,31.983631,107,49.034904,32.231728,108,48.659019,32.503521,109,48.584370,32.922829,110,48.655136,32.032505,111,48.802582,31.943821,112,48.972576,31.972454,113,48.529728,32.011906,114,49.046532,31.766991,115,48.997852,31.992052,116,49.176857,32.234123,117,48.579018,31.953711,118,49.416683,31.484875,119,48.558434,32.806938,120,49.298500,32.664543,121,49.097153,32.214874,122,48.671974,31.352062,123,48.984844,31.953382,124,48.752781,31.886570,125,48.913429,31.847893,126,48.829067,32.024223,127,48.077126,32.066643,128,48.558384,31.996725,129,48.942997,31.702051,130,49.044651,31.078190,131,48.998669,32.093906,132,48.367580,31.907198,133,48.413864,31.702665,134,49.269394,31.740156,135,48.418457,32.028515,136,49.006760,31.963167,137,48.975708,32.002502,138,48.683228,32.034775,139,48.777168,32.480488,140,52.412506,31.329866,141,49.009483,31.990286,142,48.254032,31.490915,143,49.007046,32.075989,144,49.009136,32.019482,145,43.351604,70.958527,146,49.021027,31.878788,147,48.460453,32.003254,148,48.348553,31.362032,149,48.245041,31.922052,
10,0,48.659798,31.997456,1,49.005432,31.398527,2,48.638161,31.971840,3,48.848881,31.988466,4,48.710907,31.995590,5,49.083355,31.484798,6,48.499798,31.971754,7,49.003510,32.012562,8,49.191986,32.031155,9,25.431679,28.597334,10,49.015217,31.983465,11,48.465149,31.938740,12,48.992111,32.013035,13,48.981594,31.828989,14,49.007072,32.060429,15,48.983246,31.494783,16,49.072105,32.004555,17,48.815071,31.966166,18,48.986042,32.004044,19,48.997967,31.972769,20,49.012482,32.029190,21,48.455391,31.991013,22,48.710419,32.003937,23,48.560112,32.006409,24,49.080231,31.778357,25,49.053841,32.016773,26,48.578854,31.969795,27,48.975346,31.359249,28,49.000904,32.019478,29,49.091644,31.358067,30,48.627670,31.326710,31,48.604618,31.972546,32,45.993992,58.734352,33,48.623375,31.908741,34,49.041000,32.189911,35,37.346706,65.429550,36,48.820789,31.979845,37,48.984604,32.025761,38,48.963196,32.000095,39,48.250790,32.746201,40,48.736992,32.001575,41,48.434418,31.976431,42,48.838306,31.982220,43,48.416859,32.215775,44,48.707336,31.990910,45,48.459641,32.002293,46,49.006672,31.987387,47,48.811234,32.511463,48,49.060925,32.032822,49,49.007854,31.283577,50,49.032833,32.293312,51,48.494022,33.015228,52,48.999664,31.693214,53,48.985165,31.987652,54,38.788506,54.282524,55,48.877640,32.055473,56,48.667271,31.997229,57,48.403854,31.427540,58,48.701210,32.428188,59,48.524197,32.001717,60,49.012806,32.004608,61,49.006321,32.005249,62,49.003620,32.109947,63,48.683067,32.047993,64,49.009724,31.978292,65,49.156265,32.086258,66,48.544411,32.574329,67,48.630028,32.505127,68,48.998055,31.981033,69,48.989780,31.861151,70,48.504623,31.996437,71,48.987896,31.951780,72,49.082245,31.231529,73,48.938297,31.685650,74,49.044037,31.867311,75,49.041374,31.386929,76,48.422146,31.548306,77,48.512779,31.991472,78,40.746445,47.738705,79,49.026337,31.602179,80,48.985397,31.515877,81,49.662540,32.064453,82,49.021713,31.943815,83,48.604263,31.990133,84,48.994884,31.954033,85,48.994705,31.938852,86,49.002079,32.048428,87,48.515667,31.516428,88,49.003967,31.971277,89,48.502552,31.371033,90,48.419853,31.600782,91,48.960583,31.880568,92,49.040039,31.872904,93,49.073513,31.990782,94,49.022610,32.194878,95,48.978462,31.539598,96,48.082443,32.610477,97,48.414062,32.040943,98,49.404240,32.196835,99,48.995796,31.795504,100,48.039185,31.996046,101,48.727764,31.989302,102,48.990395,31.639805,103,50.174774,31.394121,104,49.051460,32.121971,105,48.672352,31.742712,106,49.005795,32.092331,107,48.983147,32.133785,108,48.783897,32.701805,109,48.755203,32.598396,110,48.634499,31.983980,111,49.049110,31.477921,112,48.992748,31.878895,113,48.543682,32.081104,114,49.002922,32.016560,115,49.004478,31.967756,116,49.037842,32.137978,117,48.476997,32.025494,118,49.407303,31.226803,119,48.630913,32.825123,120,48.880329,30.993492,121,49.022144,31.935829,122,49.008274,31.494034,123,48.998329,32.004021,124,48.475166,31.894201,125,48.908211,32.393608,126,48.700710,31.984623,127,48.057392,31.988184,128,48.828514,32.003506,129,48.962238,31.608938,130,48.970882,31.437292,131,49.002155,31.987741,132,48.744858,32.055298,133,48.149967,32.007614,134,48.946175,31.866140,135,48.825470,32.003616,136,48.983063,31.982737,137,49.009403,32.001980,138,48.742397,31.990454,139,48.334583,32.451019,140,49.937889,31.649248,141,49.003357,31.993483,142,48.269482,31.710756,143,48.999866,32.004772,144,48.997990,32.094406,145,45.135723,63.020905,146,49.008972,31.502609,147,48.418198,31.996012,148,48.608990,31.586367,149,48.493443,31.958368,
11,0,48.442890,31.995953,1,49.013458,31.396357,2,48.434330,32.007305,3,49.040993,32.002651,4,48.464993,32.001110,5,48.972443,31.857210,6,48.772724,32.008350,7,48.983974,31.995821,8,48.985981,32.023994,9,35.211617,29.556210,10,49.053082,32.004810,11,48.672153,32.028271,12,49.014595,31.992571,13,48.980049,31.967396,14,48.996735,31.980640,15,49.004864,31.402849,16,48.985241,32.001259,17,48.246441,32.024899,18,48.998356,31.996893,19,48.996586,32.008701,20,49.007839,31.991077,21,48.399784,32.007675,22,48.698032,31.963625,23,48.798878,32.007378,24,49.007164,31.568262,25,49.027054,32.014378,26,48.647556,32.013180,27,48.991161,31.423914,28,49.000519,32.000610,29,48.973110,31.617960,30,48.589806,31.586092,31,48.712570,31.984510,32,43.979454,50.300880,33,48.700264,31.290295,34,48.992767,32.015175,35,23.187714,69.263908,36,48.348804,32.005943,37,49.015774,31.992750,38,48.994717,31.983259,39,48.555042,32.981808,40,48.766224,31.997801,41,48.574860,31.976086,42,48.099155,32.002754,43,48.825401,31.949272,44,48.350765,32.004505,45,48.486164,31.972702,46,49.036205,32.002018,47,48.665138,32.255104,48,48.969608,32.002651,49,48.867489,31.565004,50,49.037643,32.193993,51,48.632534,32.572674,52,49.024113,31.447607,53,49.001099,31.999105,54,34.865025,56.028656,55,49.059563,32.014000,56,48.390495,32.013191,57,48.468082,31.672539,58,48.469719,32.824379,59,48.514339,32.000099,60,49.004696,31.994856,61,48.998390,31.993734,62,49.000725,32.035225,63,48.691833,32.012070,64,48.993221,32.006516,65,49.135101,32.029545,66,48.358280,32.962406,67,48.629467,32.562531,68,48.999504,31.992588,69,49.003712,31.991898,70,48.812588,32.004627,71,48.957855,32.000591,72,49.126400,31.781713,73,48.978634,31.728973,74,48.924194,31.694195,75,49.025143,31.096437,76,48.384399,31.404789,77,48.281086,32.018021,78,34.064201,54.601154,79,49.008640,31.209669,80,48.998222,31.092852,81,48.758617,32.075653,82,48.988472,31.989819,83,48.697578,31.981987,84,49.006165,32.053795,85,48.998692,32.041241,86,49.001255,31.972576,87,48.596519,31.482481,88,49.002209,31.984531,89,48.383118,31.675785,90,48.492123,31.605513,91,48.996670,31.913841,92,48.981098,32.049999,93,49.092796,32.004425,94,48.987675,31.864841,95,49.017525,31.529408,96,48.585663,32.114815,97,48.456051,31.999159,98,48.949348,32.080097,99,49.002544,31.993294,100,48.730476,32.001232,101,48.902496,31.971891,102,48.997337,32.201962,103,49.766148,32.501255,104,49.016994,32.042049,105,48.637199,31.474049,106,48.999142,31.990879,107,49.000061,31.892612,108,48.470734,32.273689,109,48.479282,32.309982,110,48.748611,31.995487,111,49.057190,31.470533,112,49.010212,31.999964,113,48.303921,31.997177,114,48.991783,32.113441,115,49.000488,32.014805,116,48.880970,31.870241,117,48.719028,31.996252,118,48.909851,31.861540,119,48.949017,32.498829,120,48.994457,32.439377,121,48.980572,31.971540,122,49.078163,31.568380,123,49.005287,32.014172,124,48.182125,32.021069,125,49.036407,32.238201,126,48.541412,31.999027,127,49.094707,31.986206,128,48.697067,32.000179,129,49.019802,31.416281,130,49.006069,31.702066,131,49.000885,31.996876,132,48.667030,32.041142,133,48.596130,32.041058,134,48.967793,32.105766,135,48.382912,31.992266,136,49.018410,32.008705,137,49.011326,31.998358,138,48.439636,31.982723,139,48.790070,32.199524,140,47.601936,31.585014,141,48.996712,32.004040,142,48.524239,31.514322,143,48.998837,31.978285,144,48.998013,31.966213,145,46.349865,63.401237,146,48.992950,31.428488,147,48.423565,32.001125,148,48.470318,31.523726,149,48.940773,32.035145,
12,0,48.436317,32.002407,1,48.992416,31.437908,2,48.510235,32.006741,3,49.034889,32.001858,4,48.696434,32.000771,5,48.979603,31.428793,6,48.213799,32.009880,7,49.004902,31.999083,8,48.887154,31.987297,9,49.066319,31.314407,10,48.981209,32.007565,11,48.324295,32.004436,12,48.997478,31.996113,13,49.008747,32.038052,14,48.997196,32.000950,15,49.001743,31.527702,16,48.997711,31.997993,17,48.594067,31.995525,18,49.005653,31.999121,19,49.002369,32.005444,20,48.998123,31.997023,21,48.599251,31.997948,22,48.466652,31.994255,23,48.622597,31.993984,24,48.979130,31.702997,25,48.982647,31.996670,26,48.373894,32.013275,27,49.009434,31.444933,28,48.999249,31.989342,29,48.985191,31.847963,30,48.692715,31.828115,31,48.583881,32.005116,32,46.422100,63.341133,33,48.217491,31.761112,34,48.991806,31.930281,35,37.443520,80.453087,36,48.463703,32.003239,37,49.005615,31.997185,38,49.018734,32.006393,39,48.412704,32.911461,40,48.523205,32.000416,41,48.454983,31.996679,42,48.375645,32.003616,43,48.676308,31.924238,44,48.389355,32.001133,45,48.532742,31.999016,46,48.990002,32.001915,47,48.560860,32.336102,48,48.975986,31.989496,49,49.072350,31.264551,50,48.978752,31.955269,51,48.765728,32.331806,52,48.988548,31.660975,53,49.004055,32.002495,54,46.427204,63.638863,55,49.000332,31.986439,56,48.755699,31.997559,57,48.265404,31.393812,58,48.580669,32.303070,59,48.639328,31.999453,60,48.993420,32.001209,61,48.998787,32.000607,62,48.998329,31.945189,63,48.171745,31.984983,64,48.997036,32.000015,65,48.973347,31.967813,66,48.583771,32.335476,67,48.364658,32.381508,68,49.001389,32.003849,69,49.000099,32.049500,70,48.753124,31.998079,71,49.011528,32.011471,72,48.995193,31.628437,73,49.017056,32.120834,74,48.992390,31.209909,75,48.979198,31.574286,76,48.428680,31.635511,77,48.400070,31.993650,78,29.249210,57.241669,79,48.993015,31.308210,80,49.007557,31.476717,81,48.909672,31.968533,82,49.000278,32.012646,83,48.765011,31.999659,84,49.002228,31.986170,85,49.001667,32.017811,86,48.999310,31.987385,87,48.693527,31.554190,88,48.998592,32.005363,89,48.530708,31.278570,90,48.824245,31.400602,91,49.014915,32.067425,92,49.002438,32.038456,93,48.992611,32.004025,94,49.000244,31.941988,95,48.994228,31.548981,96,48.616150,32.446735,97,48.521206,31.989004,98,48.875149,31.922234,99,49.001194,31.438801,100,49.147671,32.000233,101,49.115307,32.014389,102,49.003002,32.026699,103,48.599575,31.920248,104,48.986877,31.976501,105,48.216736,31.074825,106,48.998222,31.984728,107,49.003780,31.972260,108,48.521416,32.682743,109,48.273178,32.255276,110,48.480038,32.006920,111,48.976974,31.620028,112,49.003269,32.025810,113,48.549210,31.988667,114,49.000061,31.999464,115,48.998901,31.997959,116,49.036598,31.965443,117,48.274471,31.999458,118,49.009724,31.522081,119,48.398830,32.486507,120,49.079361,32.111610,121,49.001942,32.027637,122,48.954369,31.545704,123,48.999569,31.991333,124,48.480511,32.042404,125,49.008385,31.831568,126,48.650246,32.002754,127,48.505749,32.014248,128,48.564316,31.999018,129,49.011482,31.710556,130,49.004967,31.476068,131,48.999538,32.019859,132,48.348152,31.972040,133,48.846069,31.969715,134,49.031914,31.985003,135,48.298920,32.001854,136,48.998718,32.000771,137,48.999832,32.000198,138,48.378830,32.006439,139,49.107922,32.035038,140,48.246971,31.544085,141,49.001637,31.998800,142,48.389729,31.334616,143,49.000847,32.005695,144,49.001640,31.994583,145,44.396481,76.973602,146,49.002316,31.826181,147,48.309132,32.001331,148,48.625057,31.678709,149,48.685436,31.995672,
13,0,48.721500,32.001667,1,49.002907,31.717930,2,48.448967,31.996389,3,48.979973,31.999454,4,48.675690,31.999605,5,49.007793,31.577229,6,48.540436,31.999805,7,49.003265,32.002121,8,48.962879,31.989008,9,52.066784,32.098057,10,48.985798,31.996500,11,48.631847,31.994421,12,48.998634,32.002880,13,49.003517,31.985807,14,48.998894,32.004673,15,48.997166,31.579409,16,49.008080,32.000317,17,48.705711,31.992172,18,48.997414,32.000751,19,49.001709,31.993313,20,48.999435,32.006008,21,48.565807,31.998951,22,48.685272,32.007290,23,48.644165,32.001095,24,49.005371,31.394756,25,49.000206,31.996616,26,48.731724,31.995872,27,49.000282,31.694496,28,49.000145,32.002174,29,49.010605,32.098232,30,48.538445,31.604536,31,48.283424,32.004578,32,43.690624,69.376846,33,48.617283,31.517900,34,49.008251,32.014900,35,39.840454,48.266785,36,48.640442,31.997963,37,48.992649,32.006222,38,49.000198,32.001057,39,48.313313,32.542179,40,48.416206,32.000557,41,48.755413,32.005383,42,48.737911,31.998110,43,48.420982,31.999067,44,48.477180,31.999142,45,48.502502,32.006878,46,48.996155,31.999809,47,48.575127,32.330090,48,49.018314,31.996756,49,49.024281,31.488482,50,48.999683,31.934359,51,48.605633,32.770985,52,48.994347,31.672541,53,48.999390,31.998247,54,36.726696,50.512249,55,48.989529,32.002056,56,48.385269,31.995306,57,48.515091,31.577692,58,48.232105,32.430309,59,48.395008,31.999811,60,48.999725,32.000687,61,49.000683,32.001705,62,49.000538,32.015781,63,48.625130,32.005985,64,49.005219,31.995844,65,48.986694,31.990681,66,48.462845,32.515724,67,48.342983,32.431137,68,48.999882,32.001133,69,48.997856,31.987904,70,48.003426,32.000225,71,49.002655,31.990877,72,48.991364,31.738430,73,48.998501,32.016361,74,49.019615,31.389082,75,49.006252,31.461689,76,48.581699,31.637558,77,48.746754,32.001167,78,38.838718,54.357212,79,48.999397,31.717670,80,48.996178,31.770733,81,49.128681,31.971132,82,49.004395,31.992971,83,48.424137,32.005981,84,48.997269,31.976898,85,48.999538,31.981901,86,49.000240,32.006638,87,48.544308,31.350046,88,49.000282,32.007351,89,48.802395,31.578058,90,48.861679,31.425201,91,48.991547,31.978930,92,49.004795,31.971762,93,48.984089,31.997976,94,49.002998,32.013218,95,48.998772,31.643566,96,48.582279,32.616604,97,48.457249,32.010509,98,49.015167,32.003002,99,48.999077,31.487242,100,48.980057,31.999481,101,49.032547,32.004425,102,49.000805,31.967264,103,48.705303,31.947958,104,48.998066,32.005856,105,48.101604,31.275690,106,49.000214,32.010212,107,48.998291,32.032200,108,48.634354,32.289562,109,48.414009,32.821175,110,48.421349,31.997286,111,49.004303,31.502003,112,48.997517,31.996771,113,48.377846,32.005966,114,49.002052,31.979391,115,48.999874,31.994946,116,49.037338,32.038132,117,48.280788,32.001328,118,49.048717,31.603573,119,48.624336,32.769501,120,49.030796,31.889349,121,49.003742,31.988192,122,48.975124,31.473770,123,48.999214,31.996874,124,48.620857,32.004330,125,48.988350,31.971338,126,48.521751,31.998993,127,48.231560,31.998005,128,48.732822,32.000202,129,48.990124,31.681135,130,48.994663,31.602650,131,49.000080,31.997194,132,48.577713,32.001297,133,48.481388,32.005051,134,48.986629,31.986956,135,48.673325,32.001251,136,48.994762,31.998234,137,48.997353,32.000366,138,48.661922,32.000637,139,49.004822,31.908192,140,49.480278,31.315134,141,48.999649,31.998974,142,48.652370,31.454927,143,48.999813,32.005428,144,48.999760,32.021435,145,44.354218,43.294548,146,49.000252,31.906794,147,48.447979,31.999695,148,48.489105,31.416651,149,48.634518,31.989029,
14,0,48.269279,31.999353,1,49.004002,31.315969,2,48.048916,32.000896,3,49.000797,31.999163,4,48.553612,32.000027,5,49.005020,31.531647,6,48.789009,31.996367,7,48.997810,31.999557,8,49.027885,32.005169,9,49.962822,32.048126,10,49.008747,31.999674,11,48.342712,32.000263,12,49.000809,32.002331,13,48.999161,31.997501,14,49.000774,31.994715,15,48.998936,31.530342,16,48.997936,32.000290,17,48.433014,32.002617,18,48.998302,32.000454,19,48.999863,32.003250,20,49.000469,32.000267,21,48.593315,32.000122,22,48.342793,31.999151,23,48.584644,32.001362,24,49.007103,31.270367,25,49.010086,32.000511,26,48.757618,32.000938,27,48.996449,31.748743,28,49.000210,32.001942,29,48.996483,31.977591,30,48.178753,31.332916,31,48.412796,31.996716,32,43.011669,43.979187,33,48.482422,31.566912,34,48.998573,32.019928,35,28.040337,57.408943,36,48.200508,32.000568,37,49.001556,31.998182,38,48.994831,31.997005,39,48.254517,32.505108,40,48.544682,31.999577,41,48.421234,31.998596,42,48.432888,31.999577,43,48.486664,32.016289,44,48.660622,31.999989,45,48.674187,31.995218,46,49.004768,31.999569,47,48.508598,32.247059,48,49.008263,32.002724,49,48.962429,31.452835,50,49.006748,32.006256,51,48.323360,32.532303,52,49.002762,31.696730,53,48.999130,32.000614,54,39.357155,67.463013,55,49.005035,32.002167,56,48.421162,32.001389,57,48.635117,31.555000,58,48.513874,32.887981,59,48.459671,32.000095,60,49.001385,31.999081,61,48.999977,31.999607,62,49.000328,32.004257,63,48.460262,32.005535,64,48.999023,32.001949,65,49.011215,32.010387,66,48.699142,32.882011,67,48.596825,32.225002,68,48.999573,31.999037,69,49.000736,31.980486,70,48.443981,32.000263,71,48.997501,31.995844,72,49.007641,31.665117,73,48.993679,31.980442,74,48.994068,31.656752,75,49.000248,31.219685,76,48.458229,31.455917,77,48.677620,32.002140,78,30.492561,53.936131,79,49.001724,31.587053,80,49.000412,31.591475,81,49.003689,32.012947,82,48.999084,31.999912,83,48.500580,31.997801,84,49.000572,32.019485,85,48.999992,31.995281,86,49.000130,32.002876,87,48.093216,31.602772,88,49.000462,31.996908,89,48.341434,31.183075,90,48.287380,31.544817,91,48.996418,31.980412,92,48.996616,31.984694,93,49.005745,31.999592,94,48.998890,32.015858,95,49.004326,31.717564,96,48.476902,32.365963,97,48.245865,31.996933,98,49.015659,32.023190,99,48.999767,31.437975,100,48.961113,32.000347,101,48.978832,31.994905,102,48.999611,32.012131,103,49.203007,32.079304,104,49.004299,32.004932,105,48.803425,31.586678,106,49.000496,32.002247,107,48.999481,32.007065,108,48.799587,32.144051,109,48.896362,32.175137,110,48.480312,31.999067,111,49.011066,31.444792,112,49.000332,31.989971,113,48.710716,31.999546,114,48.999359,32.015144,115,49.000240,31.998806,116,49.002956,32.000053,117,48.596340,31.998493,118,48.975815,31.642859,119,48.798035,32.858479,120,48.977707,31.981562,121,48.996822,31.995953,122,49.013226,31.918543,123,49.000477,32.002625,124,48.723652,31.987234,125,48.999390,32.055717,126,48.815411,31.999865,127,48.467606,31.999191,128,48.439438,32.000103,129,48.998901,31.831234,130,49.000713,31.297430,131,49.000099,31.990059,132,48.528828,32.008568,133,48.482635,32.006363,134,48.991940,32.018970,135,48.528831,31.999258,136,49.000778,31.999884,137,48.999966,31.999689,138,48.629635,31.996870,139,48.949738,32.053493,140,48.985798,31.529814,141,48.999283,32.000385,142,48.632069,31.215029,143,48.999550,31.998142,144,48.999222,31.992077,145,43.178169,57.450615,146,48.998470,31.271307,147,48.623390,31.999765,148,48.938053,31.568813,149,48.603592,31.995840,
15,0,48.703568,31.999977,1,48.999912,31.395834,2,48.706768,32.000732,3,49.003597,32.000195,4,48.735939,32.000023,5,48.997471,31.306805,6,48.295502,32.000595,7,49.000648,31.999535,8,49.004456,32.004562,9,48.247192,31.950239,10,49.002060,32.001534,11,47.961121,32.000717,12,49.000114,31.999920,13,48.998913,32.004097,14,49.000031,31.997940,15,49.000584,31.689257,16,48.999481,31.999668,17,48.544746,31.999714,18,49.001102,31.999722,19,48.999474,31.999804,20,48.999912,31.999407,21,48.559536,32.000053,22,48.619186,31.998568,23,48.783520,31.999287,24,48.995510,31.777674,25,49.002193,32.000523,26,48.105267,32.002377,27,48.999222,31.622345,28,48.999985,31.999001,29,48.997036,31.942360,30,48.028362,31.733225,31,48.748650,31.998596,32,44.449783,64.503410,33,48.551434,31.776047,34,48.997940,31.986368,35,27.211962,57.999748,36,48.529358,32.000565,37,49.000854,31.999338,38,49.002838,32.000195,39,48.512318,32.298473,40,48.359810,32.000034,41,48.899990,31.998201,42,48.612156,32.000614,43,48.632507,31.996365,44,48.586643,32.000313,45,48.407459,31.999249,46,49.000401,32.000088,47,48.335346,32.648220,48,48.993298,31.999348,49,48.988449,31.429583,50,48.995071,32.033501,51,48.414848,32.342758,52,48.999699,31.237211,53,49.000366,32.000107,54,47.605804,51.765221,55,48.999069,31.998478,56,48.582138,32.001713,57,48.693478,31.479076,58,48.561687,32.942825,59,48.683315,32.000004,60,48.999218,32.000118,61,48.999878,31.999653,62,48.999886,31.993238,63,48.676910,32.000038,64,48.999767,32.001320,65,48.999699,32.005817,66,48.635242,32.219673,67,48.829258,32.045197,68,49.000206,31.999298,69,49.000572,32.012108,70,48.661201,31.999662,71,49.001968,32.002731,72,49.001446,31.595276,73,49.002247,32.004738,74,48.996025,31.665873,75,48.997314,31.671253,76,48.518166,31.272562,77,48.528107,31.998188,78,39.772968,53.006763,79,48.999424,31.612957,80,49.000835,31.440777,81,48.986568,31.999191,82,48.998085,32.001976,83,48.503551,31.998726,84,49.000542,31.996702,85,49.000221,32.005241,86,48.999950,31.997393,87,48.558826,31.469065,88,49.000069,31.999670,89,48.806358,31.253218,90,48.565300,31.594999,91,49.001694,31.999895,92,49.000214,32.013130,93,48.999809,32.000515,94,48.998741,31.996340,95,48.998428,31.449455,96,48.281342,32.247906,97,48.532597,31.998280,98,48.998390,31.998009,99,49.000134,31.397787,100,49.035545,32.000084,101,49.007664,32.000553,102,48.999645,32.001961,103,48.914944,31.956558,104,48.998589,31.997478,105,48.220417,31.515415,106,48.999779,31.997038,107,49.000420,31.996733,108,48.374088,32.589817,109,48.672146,32.216583,110,48.494247,32.000961,111,48.995972,31.476349,112,49.000607,32.003880,113,48.702335,31.999022,114,48.999218,31.998251,115,48.999901,32.001198,116,48.993679,31.989862,117,48.670685,32.000141,118,49.003021,31.564281,119,48.405453,32.501236,120,49.009972,32.032997,121,48.998962,32.004593,122,49.004242,31.655684,123,49.000153,32.001793,124,48.969318,32.002918,125,49.002144,32.021111,126,48.525482,32.000519,127,48.596848,32.001804,128,48.077019,31.999853,129,49.001446,31.347292,130,49.001534,31.791197,131,48.999962,32.003803,132,48.627853,31.993149,133,48.609875,31.996834,134,49.006195,31.994699,135,48.494583,31.999800,136,49.000431,32.000286,137,49.000538,32.000069,138,48.724907,32.000626,139,49.007751,32.027813,140,48.742367,31.515312,141,49.000175,32.000141,142,48.710449,31.565332,143,49.000317,31.999456,144,49.000393,31.999170,145,42.754253,50.083191,146,49.000446,31.339708,147,48.506237,32.000092,148,48.607941,31.558872,149,48.566315,32.003143,
16,0,49.167511,32.000175,1,48.999088,31.556850,2,48.941338,31.999924,3,48.997913,32.000175,4,48.544975,31.999947,5,48.999428,31.594250,6,48.324997,32.000973,7,49.001060,32.000195,8,48.988331,31.998096,9,49.164131,32.009411,10,48.998562,31.999611,11,48.944462,31.999523,12,48.999645,31.999556,13,49.000256,31.997561,14,48.999454,32.001766,15,48.999973,31.764256,16,49.001423,32.000076,17,48.491779,31.998819,18,49.000519,31.999844,19,49.000099,31.999117,20,48.999813,32.000313,21,48.402279,31.999897,22,48.228218,32.000729,23,48.640011,32.000084,24,48.999817,31.267063,25,48.995831,31.999538,26,48.258224,31.999193,27,49.000668,31.363247,28,48.999966,32.000080,29,48.999687,32.012115,30,48.992901,31.490602,31,48.254803,32.001186,32,44.448071,75.357979,33,48.536304,31.781368,34,49.000641,31.999327,35,45.141869,55.652538,36,48.997257,31.999718,37,48.998493,32.001141,38,49.000847,32.000587,39,48.513256,32.548660,40,48.776211,32.000111,41,48.557800,32.000988,42,48.636658,32.000324,43,48.646835,31.995026,44,48.690575,32.000034,45,48.405926,32.000832,46,48.999039,32.000092,47,48.610561,32.656345,48,49.002224,31.999371,49,49.011242,31.667765,50,49.000122,31.982553,51,48.358562,32.247452,52,48.999149,31.568333,53,49.000507,31.999855,54,40.926651,67.576035,55,48.998825,31.999733,56,48.190922,31.999702,57,48.822258,31.076292,58,48.796970,32.416683,59,48.700478,31.999975,60,49.000004,32.000183,61,49.000015,32.000069,62,48.999928,31.999588,63,48.723396,31.998655,64,49.000401,31.998814,65,48.995979,31.999266,66,48.610207,32.559856,67,48.689003,32.731426,68,48.999977,32.000156,69,48.999702,32.005917,70,47.998020,32.000031,71,48.999817,31.999512,72,48.998398,31.522167,73,48.999760,32.002987,74,49.002216,31.648840,75,48.999977,31.629995,76,48.711407,31.454889,77,48.829758,31.999908,78,36.385773,72.071396,79,48.999779,31.726770,80,48.999680,31.470175,81,49.014824,31.991739,82,49.000572,31.999962,83,48.517643,32.000698,84,48.999802,31.996849,85,49.000053,32.002159,86,49.000000,32.000320,87,49.087231,31.674564,88,48.999889,32.002842,89,48.633728,31.658396,90,48.581833,31.639971,91,48.999584,32.006310,92,49.000660,32.002506,93,48.998402,31.999949,94,49.000011,31.998217,95,48.999939,31.387119,96,48.449520,32.137863,97,48.529934,32.000748,98,48.998386,31.995949,99,49.000114,31.710501,100,49.000172,31.999815,101,48.999413,32.001331,102,49.000145,31.997986,103,48.952080,32.018070,104,48.999321,31.999174,105,47.959717,31.358063,106,48.999989,32.000816,107,48.999882,31.998749,108,48.468567,32.471111,109,48.398041,32.389801,110,48.171772,32.000004,111,48.999683,31.552750,112,48.999653,32.001625,113,48.215240,32.000561,114,49.000404,31.993158,115,48.999981,31.999857,116,49.003944,32.002098,117,48.341995,32.000248,118,49.002495,31.480713,119,48.207634,32.042110,120,49.004967,31.998808,121,49.000557,31.999449,122,48.997124,31.187025,123,48.999920,31.999168,124,48.110176,32.000793,125,48.999329,31.969784,126,48.390278,31.999924,127,48.512100,31.999109,128,48.644920,31.999952,129,48.999939,31.624157,130,48.999901,32.115837,131,48.999989,32.001644,132,48.432278,32.001518,133,48.229740,31.999357,134,49.003300,31.996630,135,48.443710,32.000099,136,48.999317,31.999878,137,48.999832,32.000027,138,48.638672,32.001377,139,49.014591,31.989611,140,48.933979,31.166945,141,49.000175,31.999886,142,48.452881,31.718725,143,49.000217,32.001366,144,49.000061,32.002537,145,43.921322,76.330193,146,49.000484,32.079826,147,48.664761,32.000000,148,48.398102,31.314219,149,48.885036,31.999924,
17,0,48.986759,31.999958,1,49.000473,31.614708,2,48.538284,31.999809,3,48.999973,31.999964,4,48.049080,32.000000,5,49.000431,31.534962,6,48.807716,31.999929,7,48.999912,32.000008,8,48.997337,31.999981,9,49.291031,32.011940,10,49.000179,32.000000,11,48.589119,31.999804,12,48.999680,32.000126,13,48.999992,31.999260,14,49.000011,31.999245,15,48.999882,31.383865,16,48.999825,32.000107,17,48.502232,32.000477,18,48.999588,32.000053,19,49.000057,32.000393,20,49.000092,32.000008,21,48.584259,32.000023,22,48.608715,32.000690,23,48.245022,32.000145,24,49.000626,31.668688,25,49.000851,32.000183,26,48.370686,31.999382,27,49.000069,31.571175,28,49.000008,32.000198,29,49.000542,32.010437,30,48.626995,31.215996,31,48.570564,31.999840,32,46.200699,48.012112,33,48.561798,31.261665,34,49.000126,32.004536,35,34.259247,59.205315,36,48.745617,32.000061,37,48.999985,32.000038,38,48.998722,32.000065,39,48.354179,32.642826,40,48.798420,31.999996,41,48.375244,31.999958,42,48.578377,31.999817,43,48.853699,32.002380,44,48.071545,31.999928,45,48.444328,31.999725,46,49.000240,31.999937,47,48.525726,32.411331,48,49.001446,32.000427,49,49.010887,31.523024,50,49.000954,32.002537,51,48.355053,32.684689,52,49.000664,31.697248,53,49.000275,32.000019,54,38.777870,62.980965,55,49.000671,32.000942,56,48.277252,31.999931,57,48.603477,31.514967,58,48.248436,32.314304,59,48.646530,32.000011,60,49.000141,31.999914,61,49.000027,32.000061,62,49.000038,32.001690,63,48.630039,31.999735,64,48.999783,31.999298,65,49.000736,31.999079,66,48.664078,32.706528,67,48.481277,32.527512,68,48.999908,32.000172,69,48.999805,31.997894,70,48.562805,32.000191,71,48.999401,31.999008,72,49.000500,31.306210,73,48.998280,31.998449,74,48.999981,31.870430,75,49.000748,31.535374,76,48.835594,31.635244,77,48.232380,32.000603,78,36.721329,46.967678,79,49.000225,31.785816,80,48.999863,31.455967,81,49.000725,32.000195,82,49.000160,31.999233,83,48.557816,31.999861,84,48.999840,32.002304,85,48.999939,31.999027,86,49.000008,32.000534,87,49.048832,31.489109,88,49.000038,31.999130,89,48.351013,31.730490,90,48.185062,31.586422,91,48.999748,31.998854,92,48.999401,31.996044,93,49.000767,31.999876,94,49.000153,32.001957,95,49.000328,31.507984,96,48.384487,32.560040,97,48.493435,32.000809,98,49.000977,32.001518,99,49.000015,31.664930,100,48.995289,32.000023,101,48.996506,31.999872,102,49.000172,31.999506,103,48.987404,32.005066,104,49.001064,32.000408,105,48.849007,31.453690,106,49.000042,32.000408,107,48.999989,32.000839,108,48.514801,32.456501,109,48.346428,32.393715,110,48.575687,31.999901,111,49.001415,31.531200,112,49.000061,31.998615,113,48.135365,32.000069,114,49.000210,31.997477,115,49.000046,31.999935,116,48.999088,32.002277,117,48.977547,31.999834,118,48.994446,31.364918,119,48.587238,32.186378,120,48.996170,31.996807,121,49.000114,31.998791,122,49.000412,32.005142,123,49.000008,32.000038,124,48.543152,31.998470,125,48.999332,31.979284,126,48.599560,31.999880,127,48.661896,31.999878,128,48.478390,32.000023,129,48.999611,31.471226,130,48.999565,32.083660,131,49.000008,31.999475,132,48.303139,32.001766,133,48.593094,32.000481,134,48.998226,32.001213,135,48.573250,32.000004,136,49.000221,32.000015,137,49.000011,31.999964,138,48.791336,31.999802,139,48.994823,31.991638,140,49.068581,31.406528,141,48.999870,32.000015,142,48.749939,31.386036,143,48.999901,31.999760,144,48.999878,32.000462,145,48.105564,68.969383,146,48.999859,32.130234,147,48.606178,31.999949,148,48.602741,31.534966,149,48.222412,31.999405,
18,0,48.939548,31.999949,1,49.000019,31.647263,2,48.365517,32.000084,3,49.000507,31.999981,4,48.427746,32.000008,5,49.000034,31.916243,6,48.529995,31.999897,7,48.999626,31.999933,8,49.004494,32.000423,9,48.926285,31.993263,10,49.000462,32.000149,11,48.555389,32.000103,12,49.000118,32.000076,13,48.999798,32.000629,14,49.000118,31.999491,15,49.000031,31.382093,16,48.999828,31.999958,17,48.673489,32.000023,18,48.999897,31.999998,19,48.999950,32.000217,20,49.000027,31.999918,21,48.754005,32.000027,22,48.757332,31.999941,23,48.010700,31.999949,24,48.999641,31.387388,25,49.001266,32.000065,26,48.699677,32.000370,27,48.999794,31.502180,28,49.000008,31.999998,29,48.999893,31.990002,30,48.582802,31.220381,31,48.718876,31.999893,32,46.251671,34.174515,33,48.506134,31.654108,34,48.999817,31.998066,35,42.691074,70.295761,36,48.561806,32.000137,37,49.000263,31.999783,38,49.000305,31.999893,39,48.548988,32.307571,40,48.566616,31.999975,41,48.459202,31.999535,42,48.388401,31.999886,43,48.504971,32.000443,44,48.497162,32.000023,45,48.517799,31.999901,46,49.000313,32.000008,47,48.615921,32.551975,48,48.998947,31.999889,49,48.998569,31.569361,50,48.999775,32.006351,51,48.584980,32.438229,52,48.999775,31.800377,53,48.999947,32.000038,54,40.480656,62.346649,55,49.000263,32.000191,56,49.008995,32.000240,57,48.814774,31.420088,58,48.407429,32.533031,59,48.563011,32.000004,60,48.999947,31.999981,61,49.000000,31.999958,62,48.999992,32.000172,63,48.714008,32.000225,64,48.999905,32.000206,65,49.000710,32.000603,66,48.173656,32.333111,67,48.765877,32.689156,68,49.000038,31.999956,69,49.000149,32.000526,70,48.850380,31.999897,71,49.000309,32.000240,72,49.000126,31.718058,73,49.000305,31.999763,74,48.999409,31.536581,75,49.000195,31.657879,76,48.661160,31.327513,77,48.764687,31.999805,78,39.445858,59.626091,79,48.999969,31.614681,80,49.000095,31.822205,81,48.995335,32.002037,82,48.999786,32.000214,83,48.386707,31.999504,84,49.000084,32.000771,85,48.999973,31.999979,86,48.999996,31.999924,87,48.992203,31.354137,88,49.000038,31.998272,89,48.613224,31.610165,90,48.445438,31.431276,91,49.000225,31.998152,92,48.999947,32.001225,93,49.000095,32.000065,94,48.999935,32.000031,95,48.999741,31.795450,96,48.642517,32.491085,97,48.585629,31.999414,98,49.000229,32.000889,99,48.999973,31.587002,100,49.003342,32.000050,101,49.002300,31.999855,102,48.999928,32.000561,103,49.013332,31.994682,104,48.999332,32.000111,105,48.416470,31.982479,106,48.999966,31.999681,107,49.000092,31.999880,108,48.308903,32.470875,109,48.886623,32.311378,110,48.568802,32.000099,111,48.999065,31.413521,112,49.000084,31.999508,113,48.554211,31.999844,114,48.999962,32.001682,115,48.999981,32.000134,116,48.999786,31.998964,117,48.488953,31.999990,118,49.000095,31.918299,119,48.553154,32.498947,120,48.998775,32.001545,121,48.999844,32.000809,122,49.000977,32.091629,123,49.000023,32.000240,124,48.703396,32.000290,125,49.000267,32.012775,126,48.359329,32.000031,127,48.751270,32.000141,128,48.455521,32.000004,129,49.000061,31.709801,130,49.000275,31.949703,131,49.000004,31.999830,132,48.597366,31.999140,133,48.142578,31.999876,134,48.998909,32.000557,135,48.376884,31.999969,136,49.000145,32.000042,137,49.000042,32.000019,138,48.208641,31.999748,139,48.999790,32.003765,140,49.000343,31.332968,141,48.999992,32.000019,142,48.690269,31.582350,143,49.000034,31.999929,144,48.999939,31.999397,145,49.720291,41.247875,146,48.999943,31.961235,147,48.724998,32.000027,148,48.355431,31.401163,149,48.440872,32.000549,
19,0,49.043575,32.000023,1,48.999825,31.173674,2,48.607700,32.000072,3,49.000031,32.000019,4,48.920326,31.999992,5,48.999813,31.373526,6,48.480373,32.000092,7,49.000202,32.000019,8,48.998901,31.999807,9,49.000393,31.997818,10,48.999939,31.999945,11,48.480457,31.999998,12,49.000065,31.999973,13,49.000000,31.999992,14,48.999924,32.000340,15,49.000004,31.578789,16,49.000206,31.999981,17,48.674313,31.999899,18,49.000031,31.999987,19,49.000023,31.999874,20,48.999969,32.000034,21,48.748760,31.999998,22,48.414978,31.999746,23,48.460354,32.000011,24,48.999817,31.477999,25,48.999702,31.999950,26,48.613735,31.999945,27,48.999912,31.453938,28,48.999996,31.999931,29,48.999809,32.003872,30,48.545708,31.690285,31,48.207439,32.000126,32,49.689583,30.005119,33,48.419571,31.486420,34,49.000011,31.999847,35,38.643627,65.391708,36,48.526276,31.999994,37,48.999920,32.000027,38,49.000061,32.000015,39,48.553726,32.716385,40,48.470192,32.000011,41,48.326542,32.000088,42,48.877724,32.000053,43,48.282413,31.998350,44,48.684937,32.000008,45,48.337223,32.000103,46,48.999859,32.000008,47,48.489235,32.419556,48,49.000191,31.999874,49,48.995262,31.652981,50,48.999977,31.999712,51,48.521496,32.232269,52,48.999683,31.157568,53,48.999954,31.999975,54,40.533066,68.182228,55,48.999920,31.999790,56,49.060829,32.000042,57,48.387920,31.385944,58,48.667118,32.554001,59,48.362675,31.999998,60,48.999977,32.000034,61,48.999992,31.999990,62,48.999992,31.999603,63,48.793739,32.000168,64,49.000076,32.000237,65,48.999634,31.999983,66,48.216694,32.221966,67,48.629196,32.767174,68,49.000008,31.999979,69,49.000031,32.000771,70,48.466640,32.000008,71,49.000065,32.000153,72,48.999855,31.340382,73,49.000153,32.000523,74,49.000175,31.098114,75,48.999813,31.526398,76,48.540947,31.411995,77,48.585724,31.999884,78,27.340729,72.452667,79,48.999897,31.270111,80,49.000019,31.517170,81,49.000546,32.000248,82,49.000076,32.000134,83,48.855247,32.000038,84,49.000019,31.999197,85,49.000008,32.000145,86,48.999996,31.999681,87,48.993111,31.719576,88,48.999989,32.000271,89,48.772717,31.598749,90,48.629795,31.461655,91,48.999889,32.000923,92,49.000122,32.000984,93,48.999523,32.000031,94,48.999916,31.999298,95,49.000092,31.455166,96,48.420387,32.630051,97,48.147663,31.999735,98,48.999439,31.999128,99,48.999996,31.424427,100,49.001266,32.000011,101,49.000435,32.000137,102,48.999954,31.999882,103,48.995964,31.999094,104,48.999901,31.999882,105,48.427105,31.465630,106,49.000008,32.000099,107,49.000000,31.999832,108,48.379253,32.413147,109,48.280746,32.214993,110,48.852177,32.000038,111,48.999470,31.171165,112,48.999969,32.000549,113,48.560970,32.000027,114,48.999947,32.000534,115,49.000000,31.999943,116,49.000595,31.999716,117,47.948421,32.000027,118,49.000591,31.651125,119,48.441746,32.747860,120,49.001015,31.999840,121,48.999947,32.000381,122,48.999836,31.942127,123,48.999996,31.999937,124,48.379826,32.000256,125,48.999981,32.009293,126,48.443146,32.000042,127,48.386932,31.999935,128,48.528065,31.999994,129,49.000134,31.503664,130,49.000008,31.995522,131,48.999996,32.000195,132,48.578548,31.999920,133,48.805676,31.999958,134,49.000229,31.999790,135,48.508469,32.000019,136,48.999905,31.999990,137,48.999966,31.999998,138,48.272495,31.999994,139,49.001549,31.999697,140,48.984634,31.795452,141,49.000031,31.999985,142,48.410957,31.549341,143,49.000011,32.000111,144,49.000019,31.999933,145,48.276871,32.165775,146,49.000072,31.977898,147,48.462967,31.999990,148,48.376869,31.455366,149,48.279385,32.000011,
20,0,48.985172,32.000015,1,49.000084,31.484579,2,48.742893,31.999989,3,48.999874,31.999996,4,48.328651,32.000000,5,49.000042,31.457737,6,48.650364,32.000027,7,49.000111,32.000011,8,48.999111,31.999889,9,49.055626,32.002655,10,48.999958,31.999969,11,48.892654,31.999971,12,48.999969,31.999996,13,49.000034,31.999870,14,48.999985,32.000076,15,48.999989,31.601385,16,48.999928,32.000011,17,48.494640,31.999958,18,49.000023,32.000004,19,49.000004,31.999992,20,49.000000,32.000000,21,48.727970,31.999992,22,48.634098,32.000065,23,48.914974,32.000027,24,49.000145,31.540434,25,48.999905,31.999958,26,48.211376,31.999899,27,49.000061,31.618202,28,48.999996,32.000034,29,48.999943,31.999830,30,48.193295,31.580128,31,48.536709,31.999966,32,50.019520,30.088095,33,48.255093,31.637094,34,49.000038,32.000927,35,33.180573,64.595291,36,48.589241,31.999941,37,48.999966,32.000057,38,48.999855,32.000008,39,48.774448,32.923122,40,48.745262,32.000008,41,48.519279,32.000149,42,48.778053,31.999985,43,48.672291,31.999817,44,48.415173,31.999989,45,48.628151,31.999929,46,48.999912,31.999994,47,48.463646,32.465256,48,49.000111,32.000076,49,48.999748,31.239408,50,49.000099,31.999386,51,48.434002,32.154320,52,48.999962,31.817608,53,49.000034,32.000008,54,41.713139,34.646538,55,48.999931,31.999897,56,48.933533,31.999952,57,48.236752,31.848524,58,48.599777,32.126976,59,48.616940,32.000000,60,49.000015,32.000000,61,49.000004,32.000008,62,49.000004,32.000179,63,48.834515,31.999958,64,49.000008,31.999870,65,49.000061,31.999851,66,48.544495,32.454075,67,48.456596,32.552036,68,48.999981,32.000023,69,48.999977,31.999645,70,48.696289,32.000061,71,48.999886,31.999798,72,49.000053,31.242685,73,48.999866,31.999851,74,49.000065,31.834698,75,49.000031,31.474852,76,48.613754,31.634802,77,48.542683,32.000072,78,38.469696,41.366135,79,49.000031,31.347399,80,48.999989,31.282906,81,49.000675,31.999456,82,49.000008,31.999866,83,48.468250,32.000195,84,48.999966,31.999931,85,49.000015,31.999926,86,49.000000,32.000080,87,49.004776,31.648800,88,48.999992,32.000080,89,48.451550,31.461050,90,48.699558,31.183498,91,48.999905,31.999926,92,48.999969,31.999876,93,49.000149,31.999981,94,48.999981,32.000210,95,49.000076,31.346262,96,48.592815,32.393997,97,48.253979,31.999992,98,49.000290,31.999659,99,49.000004,31.440994,100,48.998852,31.999994,101,48.999409,32.000099,102,49.000019,31.999962,103,48.997990,32.001572,104,49.000122,32.000031,105,48.423058,31.701160,106,49.000004,32.000053,107,48.999969,32.000065,108,48.894817,32.335880,109,48.498661,32.959412,110,48.627029,31.999971,111,49.000149,31.781319,112,48.999992,32.000095,113,48.815083,32.000038,114,49.000038,31.999596,115,49.000004,31.999975,116,48.999874,32.000168,117,49.004627,31.999947,118,48.999546,31.322023,119,48.472694,32.622898,120,49.000069,31.999477,121,49.000019,31.999664,122,48.999901,31.993103,123,48.999996,31.999924,124,48.484451,31.999886,125,48.999874,31.997997,126,48.597900,31.999992,127,48.333675,31.999973,128,48.504539,32.000004,129,48.999985,31.498569,130,48.999954,32.014072,131,49.000000,31.999990,132,48.454964,32.000397,133,48.850449,32.000080,134,49.000118,31.999996,135,48.695442,31.999996,136,49.000008,31.999996,137,49.000015,31.999992,138,48.592175,32.000042,139,48.999939,31.999220,140,49.008671,31.227024,141,48.999996,31.999990,142,48.577778,31.812649,143,48.999973,32.000027,144,49.000008,32.000107,145,48.424728,28.795946,146,49.000011,32.012104,147,48.246632,31.999990,148,48.496677,31.507200,149,48.523540,31.999773,
21,0,48.990479,31.999992,1,49.000046,31.800076,2,48.427223,31.999968,3,49.000042,31.999994,4,48.407814,32.000004,5,49.000103,31.817661,6,48.469566,31.999971,7,48.999916,31.999994,8,49.000393,32.000053,9,49.002716,32.000980,10,49.000053,32.000015,11,48.599930,32.000004,12,48.999992,32.000008,13,48.999985,32.000080,14,49.000042,31.999876,15,49.000008,31.491398,16,48.999943,32.000000,17,48.540997,32.000023,18,48.999981,32.000000,19,48.999992,32.000023,20,49.000008,31.999977,21,48.358593,32.000004,22,48.304020,32.000034,23,48.448524,32.000000,24,49.000000,31.536623,25,49.000076,32.000027,26,48.471447,32.000038,27,48.999992,31.558605,28,49.000000,32.000008,29,49.000031,31.998951,30,48.760445,31.234287,31,48.277798,31.999985,32,47.471077,31.296755,33,48.396698,31.243248,34,48.999989,32.000145,35,38.954491,56.683083,36,48.432060,32.000023,37,49.000042,31.999992,38,49.000084,31.999985,39,48.677109,32.008190,40,48.459919,31.999992,41,48.571888,31.999918,42,48.545223,31.999979,43,48.278259,32.000317,44,48.630493,31.999998,45,48.691616,31.999998,46,49.000053,32.000000,47,48.232903,32.521458,48,48.999966,32.000015,49,49.000465,31.735117,50,48.999928,32.000648,51,48.236530,32.354183,52,49.000088,31.573046,53,49.000000,32.000000,54,49.431107,69.602249,55,49.000008,31.999996,56,49.001801,32.000015,57,48.864246,31.121021,58,48.262695,32.519745,59,48.491135,32.000000,60,48.999996,31.999990,61,49.000000,32.000000,62,49.000004,32.000011,63,48.514580,31.999954,64,48.999981,31.999998,65,49.000256,32.000034,66,48.726803,32.767544,67,48.670227,32.463867,68,49.000008,31.999994,69,48.999996,31.999897,70,48.792419,32.000004,71,48.999950,32.000061,72,49.000004,31.648985,73,49.000031,31.999878,74,48.999931,31.404949,75,49.000027,31.625134,76,48.667286,31.531197,77,48.544514,32.000023,78,44.341934,60.705582,79,49.000023,31.297354,80,48.999989,31.135622,81,48.999638,32.000107,82,48.999985,32.000019,83,48.568764,31.999950,84,49.000019,32.000095,85,48.999996,31.999950,86,49.000000,32.000088,87,49.004471,31.413664,88,49.000004,31.999863,89,48.685146,31.377586,90,48.448284,31.730450,91,49.000050,31.999899,92,48.999989,31.999851,93,48.999989,31.999994,94,49.000019,32.000122,95,48.999935,31.660109,96,48.741379,32.513813,97,48.491631,32.000057,98,49.000122,32.000317,99,49.000000,31.442879,100,49.000576,31.999998,101,48.999897,31.999985,102,49.000000,32.000053,103,49.001347,32.000259,104,48.999966,32.000023,105,48.848778,31.657887,106,49.000000,31.999882,107,49.000008,32.000027,108,48.762314,32.576427,109,48.405876,32.317783,110,47.906158,32.000011,111,49.000092,31.659647,112,49.000011,31.999771,113,48.483273,31.999985,114,48.999992,31.999605,115,49.000000,32.000027,116,48.999962,31.999928,117,48.554848,31.999989,118,48.999966,31.793777,119,48.495266,32.276543,120,48.999752,32.000290,121,49.000015,32.000118,122,49.000156,32.011395,123,49.000004,32.000034,124,48.651051,31.999956,125,49.000042,31.998201,126,48.571426,31.999990,127,48.711784,32.000011,128,48.672760,32.000004,129,48.999996,31.684069,130,49.000011,31.990250,131,49.000000,31.999968,132,48.718628,31.999926,133,48.625736,31.999996,134,48.999855,32.000088,135,48.174698,31.999996,136,49.000004,32.000004,137,49.000011,32.000004,138,48.736042,31.999977,139,48.999424,32.000450,140,49.000977,31.024130,141,48.999996,32.000004,142,48.575420,31.611155,143,49.000000,31.999975,144,48.999996,31.999985,145,48.498058,31.994980,146,48.999981,31.995445,147,48.894932,32.000000,148,48.843609,31.484276,149,48.571865,32.000099,
22,0,49.002224,32.000000,1,48.999981,31.705061,2,48.602047,32.000000,3,49.000015,32.000004,4,48.620884,31.999998,5,49.000000,31.670538,6,48.402805,32.000011,7,49.000004,31.999998,8,49.000225,32.000053,9,48.988388,31.999477,10,48.999989,31.999998,11,48.320702,32.000008,12,49.000008,31.999996,13,48.999996,32.000008,14,49.000011,32.000038,15,49.000000,31.649233,16,49.000031,31.999998,17,48.669651,32.000011,18,48.999996,31.999998,19,49.000000,31.999992,20,49.000000,32.000000,21,48.686459,32.000000,22,48.647232,31.999952,23,48.236252,31.999990,24,48.999977,31.584133,25,49.000000,31.999996,26,48.572582,32.000019,27,48.999992,31.488499,28,49.000000,31.999992,29,49.000004,32.000031,30,48.739574,31.730852,31,48.331387,32.000011,32,48.970417,32.454945,33,48.585823,31.721060,34,48.999996,31.999836,35,37.846546,77.247520,36,48.570854,32.000015,37,49.000042,31.999979,38,49.000004,32.000008,39,48.243744,32.367538,40,48.346550,32.000000,41,48.641697,31.999966,42,48.416725,32.000000,43,48.259941,32.000080,44,48.632351,32.000004,45,48.736504,32.000027,46,48.999989,32.000004,47,48.718273,32.327984,48,48.999969,31.999973,49,48.999844,31.625484,50,49.000008,31.999716,51,48.746246,32.810589,52,48.999966,31.311396,53,48.999989,31.999996,54,49.674248,45.618607,55,49.000015,32.000027,56,49.008125,32.000011,57,48.712559,31.228430,58,48.687939,32.466442,59,48.334801,32.000000,60,48.999992,31.999996,61,48.999996,31.999998,62,49.000000,31.999907,63,48.532269,32.000027,64,49.000011,32.000042,65,48.999928,32.000023,66,48.447464,32.818066,67,48.622498,32.184448,68,49.000008,32.000000,69,49.000004,32.000076,70,48.465370,31.999989,71,49.000038,32.000031,72,48.999992,31.778625,73,49.000031,32.000069,74,48.999973,31.566492,75,48.999977,31.557819,76,48.552280,31.193726,77,48.356178,31.999992,78,30.011385,57.854496,79,48.999981,31.727938,80,49.000004,31.468777,81,49.000107,32.000134,82,49.000008,32.000031,83,48.633110,31.999960,84,49.000000,31.999943,85,49.000000,32.000023,86,49.000000,31.999994,87,48.998344,31.570185,88,49.000000,32.000023,89,48.814060,31.657310,90,48.558990,31.663364,91,49.000023,32.000145,92,49.000023,32.000095,93,48.999832,32.000004,94,48.999996,31.999981,95,48.999950,31.422462,96,48.730808,32.586815,97,48.593605,31.999987,98,48.999947,32.000183,99,49.000000,31.284090,100,49.000237,32.000000,101,49.000114,31.999998,102,48.999996,31.999977,103,48.999722,31.999798,104,48.999947,31.999985,105,48.191860,31.498552,106,49.000000,32.000027,107,49.000000,31.999968,108,48.456936,32.512150,109,48.497520,32.310787,110,48.682133,32.000011,111,48.999897,31.788284,112,48.999996,32.000153,113,48.097630,31.999990,114,48.999992,32.000183,115,49.000000,32.000011,116,49.000080,31.999975,117,48.131729,32.000011,118,49.000061,31.563185,119,49.023434,32.216290,120,49.000050,32.000038,121,49.000000,32.000046,122,49.000000,31.998665,123,49.000000,32.000015,124,48.417789,32.000031,125,49.000027,32.001247,126,48.613930,32.000004,127,48.441620,32.000004,128,48.661160,31.999998,129,49.000019,31.351971,130,49.000004,31.998009,131,49.000000,32.000004,132,48.593449,31.999954,133,48.575752,31.999985,134,49.000042,32.000019,135,48.481270,32.000004,136,48.999989,31.999998,137,48.999992,31.999998,138,48.781425,32.000008,139,49.000259,32.000366,140,48.998981,31.505692,141,49.000004,32.000000,142,48.641243,31.700336,143,49.000004,32.000004,144,48.999996,31.999979,145,48.691555,32.870068,146,49.000004,31.998552,147,48.318867,32.000004,148,48.418015,31.736406,149,48.837463,31.999989,
23,0,49.003242,32.000004,1,48.999992,31.741993,2,48.685539,32.000011,3,48.999992,32.000000,4,48.271931,31.999998,5,48.999989,31.588270,6,48.485966,32.000000,7,49.000015,32.000000,8,48.999855,31.999966,9,49.000294,31.999660,10,48.999977,31.999996,11,48.501678,32.000000,12,49.000000,32.000000,13,49.000008,31.999977,14,48.999992,32.000027,15,49.000000,31.933586,16,48.999996,32.000000,17,48.795589,31.999992,18,49.000004,32.000000,19,49.000004,31.999990,20,49.000000,32.000004,21,48.724991,31.999998,22,48.616440,32.000015,23,48.910915,32.000004,24,49.000011,31.705536,25,48.999989,31.999996,26,48.560322,31.999989,27,49.000008,31.702124,28,49.000000,31.999996,29,48.999989,32.000366,30,48.170734,31.922911,31,48.601482,31.999994,32,49.139328,31.913803,33,48.824673,31.658915,34,49.000004,32.000061,35,40.497616,78.683807,36,48.371170,31.999992,37,48.999973,32.000004,38,48.999966,32.000008,39,48.097301,32.621380,40,48.670010,32.000004,41,48.724056,32.000019,42,48.815155,32.000004,43,48.881451,31.999901,44,48.328850,31.999998,45,48.998505,32.000019,46,48.999973,31.999998,47,48.505276,32.413765,48,49.000019,31.999998,49,48.999893,31.899725,50,49.000011,32.000065,51,48.757683,32.699753,52,48.999977,31.426115,53,49.000008,32.000000,54,48.440750,48.496857,55,48.999992,31.999994,56,48.991463,31.999990,57,48.475758,31.482777,58,48.450695,32.602100,59,48.651455,32.000000,60,49.000008,32.000004,61,49.000000,32.000000,62,49.000000,31.999943,63,48.767120,32.000008,64,48.999996,31.999994,65,48.999874,31.999975,66,48.733582,32.301540,67,48.425179,32.328377,68,49.000000,32.000000,69,49.000000,31.999977,70,48.115017,32.000004,71,49.000019,31.999977,72,49.000008,31.650387,73,48.999985,32.000034,74,49.000031,31.580282,75,49.000008,31.701794,76,48.523720,31.197283,77,48.337841,31.999992,78,29.900625,44.186249,79,49.000008,31.606590,80,49.000000,31.652287,81,49.000099,31.999889,82,49.000000,31.999985,83,48.420616,32.000011,84,48.999996,31.999952,85,49.000000,32.000011,86,49.000000,31.999987,87,48.998394,31.703773,88,49.000000,32.000038,89,48.439156,31.550331,90,48.574348,31.265701,91,48.999989,31.999956,92,48.999992,31.999994,93,48.999886,31.999998,94,49.000000,31.999966,95,49.000023,31.898977,96,48.460545,32.503571,97,48.809933,31.999992,98,48.999958,31.999933,99,49.000000,31.046892,100,48.999886,32.000000,101,48.999969,32.000011,102,49.000000,31.999990,103,48.999836,31.999857,104,49.000019,31.999998,105,48.834801,31.363647,106,49.000000,32.000011,107,48.999996,32.000011,108,48.231171,32.176655,109,48.316536,32.511482,110,48.332008,31.999996,111,49.000034,31.637194,112,48.999996,32.000038,113,48.405449,32.000008,114,49.000008,31.999960,115,49.000000,31.999990,116,48.999969,32.000034,117,48.791374,32.000004,118,48.999954,31.431051,119,49.069828,32.066650,120,49.000004,31.999905,121,48.999996,31.999952,122,48.999958,31.998283,123,49.000000,31.999989,124,48.343529,32.000008,125,48.999977,32.000511,126,48.464039,32.000004,127,48.682217,31.999998,128,48.101383,32.000000,129,49.000011,31.636415,130,48.999992,32.002945,131,49.000000,32.000004,132,48.264301,32.000015,133,48.406681,32.000008,134,49.000069,31.999987,135,48.587379,32.000000,136,49.000000,32.000000,137,49.000004,32.000000,138,48.526661,32.000004,139,49.000156,31.999893,140,49.000587,31.135368,141,49.000000,31.999998,142,48.725891,31.529970,143,48.999996,32.000019,144,49.000004,32.000011,145,48.304802,31.648285,146,49.000004,32.001717,147,48.453304,31.999998,148,48.671944,31.954742,149,48.199173,31.999962,
24,0,48.999290,31.999998,1,49.000004,31.408400,2,48.735382,31.999994,3,48.999996,31.999998,4,48.570667,32.000000,5,49.000008,31.645126,6,48.594528,31.999996,7,48.999989,32.000000,8,49.000004,32.000011,9,49.002018,32.000191,10,49.000004,32.000004,11,48.723240,31.999998,12,48.999996,32.000000,13,49.000000,32.000008,14,49.000004,31.999981,15,49.000000,31.463812,16,48.999981,32.000000,17,48.542423,31.999998,18,49.000004,32.000000,19,49.000000,32.000000,20,49.000000,32.000000,21,48.629162,32.000000,22,48.604240,32.000004,23,48.665710,32.000008,24,48.999996,31.456329,25,49.000008,32.000000,26,48.493694,31.999996,27,49.000000,31.531317,28,49.000000,32.000000,29,49.000004,31.999992,30,48.271339,31.719887,31,48.625443,31.999998,32,48.935383,31.869802,33,48.264107,31.335003,34,49.000000,32.000019,35,36.970001,60.613708,36,48.863449,32.000000,37,48.999992,32.000004,38,49.000008,32.000000,39,48.739925,32.174221,40,48.533047,32.000000,41,48.700882,31.999998,42,48.702385,32.000000,43,48.638046,31.999998,44,48.220219,32.000000,45,48.225773,31.999994,46,49.000011,32.000000,47,48.575935,32.635265,48,49.000004,32.000008,49,49.000034,31.397799,50,48.999992,32.000156,51,48.581306,32.339592,52,49.000011,31.562017,53,49.000004,32.000000,54,49.065254,42.693661,55,48.999992,31.999992,56,49.000004,32.000000,57,48.907177,31.688175,58,48.317364,32.371906,59,48.414833,32.000000,60,48.999996,32.000000,61,49.000000,32.000000,62,49.000000,32.000011,63,48.406994,31.999996,64,48.999992,31.999996,65,49.000065,32.000004,66,48.268021,32.181732,67,48.617977,32.063641,68,48.999996,32.000000,69,49.000000,31.999992,70,48.066612,31.999998,71,48.999996,32.000008,72,49.000000,31.648525,73,48.999996,31.999981,74,49.000015,31.647232,75,49.000011,31.294643,76,48.672756,31.924580,77,48.352268,31.999998,78,38.044922,67.002869,79,49.000004,31.629725,80,49.000000,31.654366,81,48.999954,32.000038,82,48.999996,31.999998,83,48.518444,32.000004,84,49.000000,32.000023,85,49.000000,31.999994,86,49.000000,32.000008,87,49.000740,31.942432,88,49.000000,31.999979,89,48.672634,31.869944,90,48.547173,31.766148,91,49.000000,31.999985,92,48.999996,31.999981,93,49.000042,32.000000,94,49.000000,32.000015,95,48.999996,31.243143,96,48.274895,32.286877,97,48.583302,32.000008,98,49.000008,31.999983,99,49.000000,31.732388,100,49.000015,32.000000,101,48.999973,32.000000,102,49.000000,32.000011,103,49.000320,32.000065,104,49.000000,32.000004,105,48.383362,31.716324,106,49.000000,31.999979,107,49.000000,32.000015,108,48.536797,32.196419,109,48.747345,32.370472,110,48.554043,31.999998,111,49.000046,31.557981,112,49.000000,31.999968,113,48.725704,32.000004,114,49.000000,31.999935,115,49.000000,32.000000,116,48.999962,31.999990,117,48.707848,31.999994,118,49.000000,31.443867,119,48.966644,31.964890,120,48.999954,32.000076,121,49.000000,32.000008,122,49.000015,32.000912,123,49.000000,32.000000,124,48.526325,31.999989,125,49.000011,31.999722,126,48.491913,32.000000,127,48.669201,32.000000,128,48.801247,32.000000,129,48.999996,31.786564,130,49.000000,31.999002,131,49.000000,31.999996,132,48.318901,32.000008,133,48.771549,32.000004,134,48.999981,31.999996,135,48.642689,31.999998,136,49.000004,32.000000,137,49.000000,32.000000,138,48.328693,31.999994,139,48.999931,31.999969,140,48.999962,31.538017,141,49.000000,32.000000,142,48.655167,31.473600,143,49.000000,31.999990,144,49.000004,32.000004,145,48.662491,31.637941,146,49.000000,31.999615,147,48.916668,32.000000,148,48.725521,31.648626,149,48.042267,32.000015,
49,32